Workbook

Sheet FLOTA
A1: CANNAVA | TABLA MAESTRA DE FLOTA
A2: PATENTE | B2: TIPO | C2: MARCA | D2: MODELO | E2: AÑO | F2: Nº CHASIS | G2: Nº MOTOR | H2: RESPONSABLE | I2: ESTADO % | J2: REQUIERE BATERÍA | K2: RODADO | L2: CUBIERTAS A CAMBIAR | M2: OBSERVACIONES
A3: NZU 308 | B3: CAMIONETA | C3: TOYOTA | D3: HILUX CD SRV 3.0 4X4 | E3: 2014 | F3: 8AJFZ29G5F6174551 | G3: 1KDA488133 | H3: SIN USO | I3: 0 | J3: SI | K3: 265-65-R17 | L3: 4 | M3: Inutilizable. Mantenimientos urgentes/pendientes.
A4: OFB 802 | B4: CAMIONETA | C4: FORD | D4: RANGER 2 CD 4X4 XLS 3.2L | E4: 2014 | F4: 8AFAR22JBFJ273114 | G4: QW2PFJ273114 | H4: FABIAN GONZALES | I4: 80 | J4: SI | K4: 255-70-R16 | L4: 2 | M4: Pedir garantía por reparaciones.
A5: GHQ 969 | B5: CAMIONETA | C5: TOYOTA | D5: PRADO LAND CRUISER | E5: 2007 | F5: JTEBY25J770054951 | G5: 1KZ1582466 | H5: SIN USO | I5: 30 | J5: SI | K5: 265-65-R17 | L5: 4 | M5: Inutilizable. Mantenimientos urgentes/pendientes.
A6: AA 757 OT | B6: CAMIONETA | C6: TOYOTA | D6: HILUX 4X2 CD SRV 3.0 | E6: 2016 | F6: 8AJEZ39G9C2537258 | G6: 1KD5810031 | H6: TOMAS VARGAS DURAN | I6: 50 | J6: NO | K6: 265-65-R17 | L6: 0 | M6: Negra.
A7: AC 442 VH | B7: CAMIONETA | C7: VOLKSWAGEN | D7: AMAROK CS 2.0 140CV | E7: 2018 | F7: 8AWSD42H2JA023873 | G7: CNF094651 | H7: SERENOS | I7: 85 | J7: NO | K7: 255-70-R16 | L7: 2
A8: MPR 852 | B8: CAMIONETA | C8: VOLKSWAGEN | D8: AMAROK CD 2.0 4X4 180CV | E8: 2013 | F8: 8AEDB22H7DA033757 | G8: CNE032930 | H8: SIN USO | I8: 30 | J8: SI | K8: 265-65-R17 | L8: 2 | M8: Inutilizable. Mantenimientos urgentes/pendientes.
A9: AA 932 XX | B9: CAMIONETA | C9: VOLKSWAGEN | D9: AMAROK DC 2.0L TDI 180CV 4X4 | E9: 2017 | F9: 8AWDB22H6HA004823 | G9: CNE094381 | H9: MARCELO GUASTELLA | I9: 80 | J9: NO | K9: 265-65-R17 | L9: 2
A10: PKF 116 | B10: MIDIBUS | C10: MERCEDES BENZ | D10: SPRINTER 515 CDIC | E10: 2016 | F10: 8AC906657GE117934 | G10: 651955W0055810 | H10: JOEL HUANUCO | I10: 80 | J10: SI | K10: 195-75-R16 | L10: 0
A11: AD 755 DX | B11: MIDIBUS | C11: MERCEDES BENZ | D11: SPRINTER 515 CDIC | E11: 2019 | F11: 8AC906657KE164683 | G11: 651955W0090281 | H11: FACUNDO RUIZ | I11: 75 | J11: NO | K11: 195-75-R16 | L11: 0
A12: AA 757 MH | B12: CAMIONETA | C12: FIAT | D12: TORO | E12: 2017 | H12: LUCAS CALVO | I12: 30 | J12: SI | K12: 225-65-R17 | L12: 2 | M12: Inutilizable. Mantenimientos urgentes/pendientes.

Sheet FLOTA TERCEROS
A1: CANNAVA | FLOTA TERCEROS (VEHÍCULOS ALQUILADOS)
A2: ⚠ Las celdas en amarillo están pendientes de completar — ESTADO ALQUILER: ACTIVO / FINALIZADO
A3: PATENTE | B3: TIPO | C3: MARCA | D3: MODELO | E3: AÑO | F3: PROVEEDOR / EMPRESA | G3: RESPONSABLE CANNAVA | H3: ESTADO ALQUILER | I3: ESTADO VEHÍCULO % | J3: OBSERVACIONES
A4: AG 164 FA | B4: CAMIONETA | C4: FORD | D4: RANGER | E4: → completar | F4: → completar | G4: → completar | H4: ACTIVO | I4: → completar | J4: Ranger alquilada — activa
A5: AG 164 FB | B5: CAMIONETA | C5: FORD | D5: RANGER | E5: → completar | F5: → completar | G5: JORGE ORLANDI | H5: FINALIZADO | I5: → completar | J5: contrato finalizado
A6: AG 164 EZ | B6: CAMIONETA | C6: FORD | D6: RANGER | E6: → completar | F6: → completar | G6: GASTON CURZI | H6: ACTIVO | I6: → completar | J6: Ranger alquilada — activa
A7: AD 209 YG | B7: COMBI | C7: MERCEDES BENZ | D7: → completar | E7: → completar | F7: → completar | G7: → completar | H7: FINALIZADO | I7: → completar | J7: Combi alquilada — contrato finalizado
A8: NAS 148 | B8: COMBI | C8: MERCEDES BENZ | D8: → completar | E8: → completar | F8: → completar | G8: → completar | H8: FINALIZADO | I8: → completar | J8: Combi alquilada — contrato finalizado
A9: AC 777 AA | B9: CAMIONETA | C9: CHEVROLET | D9: S10 | E9: → completar | F9: → completar | G9: → completar | H9: FINALIZADO | I9: → completar | J9: S10 alquilada — contrato finalizado

Sheet COMBUSTIBLE
A1: CANNAVA | REGISTRO DE CARGA DE COMBUSTIBLE | I1: TOTAL COMBUSTIBLE CARGADO | L1: =SUM(D3:D1018) -> 44505
A2: FECHA | B2: DOMINIO (PATENTE) | C2: VEHÍCULO ✦ | D2: LITROS | E2: KILOMETRAJE | F2: RESPONSABLE | G2: OBSERVACIONES
A3: 45591 | B3: MPR 852 | C3: =IF(B3="","",IFERROR(VLOOKUP(B3,FLOTA!$A:$D,4,0)&" — "&VLOOKUP(B3,FLOTA!$A:$D,3,0),IFERROR(VLOOKUP(B3,'FLOTA TERCEROS'!$A:$D,4,0)&" — "&VLOOKUP(B3,'FLOTA TERCEROS'!$A:$D,3,0),"⚠ No encontrado"))) -> AMAROK CD 2.0 4X4 180CV — VOLKSWAGEN | D3: 55 | E3: N/A | F3: Fabián Gonzales | Q3: NOMBRE DE RESPONSABLES
A4: 45591 | B4: AA 757 OT | C4: =IF(B4="","",IFERROR(VLOOKUP(B4,FLOTA!$A:$D,4,0)&" — "&VLOOKUP(B4,FLOTA!$A:$D,3,0),IFERROR(VLOOKUP(B4,'FLOTA TERCEROS'!$A:$D,4,0)&" — "&VLOOKUP(B4,'FLOTA TERCEROS'!$A:$D,3,0),"⚠ No encontrado"))) -> HILUX 4X2 CD SRV 3.0 — TOYOTA | D4: 30 | E4: N/A | F4: Nicolás Flores | Q4: Fabián Gonzales
A5: 45591 | B5: AD 209 YG | C5: =IF(B5="","",IFERROR(VLOOKUP(B5,FLOTA!$A:$D,4,0)&" — "&VLOOKUP(B5,FLOTA!$A:$D,3,0),IFERROR(VLOOKUP(B5,'FLOTA TERCEROS'!$A:$D,4,0)&" — "&VLOOKUP(B5,'FLOTA TERCEROS'!$A:$D,3,0),"⚠ No encontrado"))) -> → completar — MERCEDES BENZ | D5: 70 | E5: N/A | F5: Facundo Vilte | Q5: Nicolás Flores
A6: 45593 | B6: AD 755 DX | C6: =IF(B6="","",IFERROR(VLOOKUP(B6,FLOTA!$A:$D,4,0)&" — "&VLOOKUP(B6,FLOTA!$A:$D,3,0),IFERROR(VLOOKUP(B6,'FLOTA TERCEROS'!$A:$D,4,0)&" — "&VLOOKUP(B6,'FLOTA TERCEROS'!$A:$D,3,0),"⚠ No encontrado"))) -> SPRINTER 515 CDIC — MERCEDES BENZ | D6: 70 | E6: N/A | F6: Joel Huanuco | Q6: Facundo Vilte
A7: 45593 | B7: PKF 116 | C7: =IF(B7="","",IFERROR(VLOOKUP(B7,FLOTA!$A:$D,4,0)&" — "&VLOOKUP(B7,FLOTA!$A:$D,3,0),IFERROR(VLOOKUP(B7,'FLOTA TERCEROS'!$A:$D,4,0)&" — "&VLOOKUP(B7,'FLOTA TERCEROS'!$A:$D,3,0),"⚠ No encontrado"))) -> SPRINTER 515 CDIC — MERCEDES BENZ | D7: 75 | E7: N/A | F7: Facundo Ruiz | Q7: Joel Huanuco
A8: 45594 | B8: AG 164 FA | C8: =IF(B8="","",IFERROR(VLOOKUP(B8,FLOTA!$A:$D,4,0)&" — "&VLOOKUP(B8,FLOTA!$A:$D,3,0),IFERROR(VLOOKUP(B8,'FLOTA TERCEROS'!$A:$D,4,0)&" — "&VLOOKUP(B8,'FLOTA TERCEROS'!$A:$D,3,0),"⚠ No encontrado"))) -> RANGER — FORD | D8: 75 | E8: N/A | F8: Gastón Curzi | Q8: Facundo Ruiz
A9: 45595 | B9: AC 442 VH | C9: =IF(B9="","",IFERROR(VLOOKUP(B9,FLOTA!$A:$D,4,0)&" — "&VLOOKUP(B9,FLOTA!$A:$D,3,0),IFERROR(VLOOKUP(B9,'FLOTA TERCEROS'!$A:$D,4,0)&" — "&VLOOKUP(B9,'FLOTA TERCEROS'!$A:$D,3,0),"⚠ No encontrado"))) -> AMAROK CS 2.0 140CV — VOLKSWAGEN | D9: 60 | E9: N/A | F9: Aldo Rivera | Q9: Gastón Curzi
A10: 45595 | B10: AG 164 FB | C10: =IF(B10="","",IFERROR(VLOOKUP(B10,FLOTA!$A:$D,4,0)&" — "&VLOOKUP(B10,FLOTA!$A:$D,3,0),IFERROR(VLOOKUP(B10,'FLOTA TERCEROS'!$A:$D,4,0)&" — "&VLOOKUP(B10,'FLOTA TERCEROS'!$A:$D,3,0),"⚠ No encontrado"))) -> RANGER — FORD | D10: 60 | E10: N/A | F10: Jorge Orlandi | Q10: Aldo Rivera
A11: 45596 | B11: AA 757 OT | C11: =IF(B11="","",IFERROR(VLOOKUP(B11,FLOTA!$A:$D,4,0)&" — "&VLOOKUP(B11,FLOTA!$A:$D,3,0),IFERROR(VLOOKUP(B11,'FLOTA TERCEROS'!$A:$D,4,0)&" — "&VLOOKUP(B11,'FLOTA TERCEROS'!$A:$D,3,0),"⚠ No encontrado"))) -> HILUX 4X2 CD SRV 3.0 — TOYOTA | D11: 50 | E11: N/A | F11: Nicolás Flores | Q11: Jorge Orlandi
A12: 45596 | B12: AD 755 DX | C12: =IF(B12="","",IFERROR(VLOOKUP(B12,FLOTA!$A:$D,4,0)&" — "&VLOOKUP(B12,FLOTA!$A:$D,3,0),IFERROR(VLOOKUP(B12,'FLOTA TERCEROS'!$A:$D,4,0)&" — "&VLOOKUP(B12,'FLOTA TERCEROS'!$A:$D,3,0),"⚠ No encontrado"))) -> SPRINTER 515 CDIC — MERCEDES BENZ | D12: 55 | E12: N/A | F12: Joel Huanuco | Q12: Silvia Suarez
A13: 45596 | B13: AC 777 AA | C13: =IF(B13="","",IFERROR(VLOOKUP(B13,FLOTA!$A:$D,4,0)&" — "&VLOOKUP(B13,FLOTA!$A:$D,3,0),IFERROR(VLOOKUP(B13,'FLOTA TERCEROS'!$A:$D,4,0)&" — "&VLOOKUP(B13,'FLOTA TERCEROS'!$A:$D,3,0),"⚠ No encontrado"))) -> S10 — CHEVROLET | D13: 50 | E13: N/A | F13: Silvia Suarez | Q13: José Diaz
A14: 45597 | B14: PKF 116 | C14: =IF(B14="","",IFERROR(VLOOKUP(B14,FLOTA!$A:$D,4,0)&" — "&VLOOKUP(B14,FLOTA!$A:$D,3,0),IFERROR(VLOOKUP(B14,'FLOTA TERCEROS'!$A:$D,4,0)&" — "&VLOOKUP(B14,'FLOTA TERCEROS'!$A:$D,3,0),"⚠ No encontrado"))) -> SPRINTER 515 CDIC — MERCEDES BENZ | D14: 60 | E14: N/A | F14: Facundo Ruiz | Q14: René Reyes
... A22: 45601 | B22: AG 164 FA | C22: =IF(B22="","",IFERROR(VLOOKUP(B22,FLOTA!$A:$D,4,0)&" — "&VLOOKUP(B22,FLOTA!$A:$D,3,0),IFERROR(VLOOKUP(B22,'FLOTA TERCEROS'!$A:$D,4,0)&" — "&VLOOKUP(B22,'FLOTA TERCEROS'!$A:$D,3,0),"⚠ No encontrado"))) -> RANGER — FORD | D22: 80 | E22: N/A | F22: Gastón Curzi | Q22: Jose Diaz
A23: 45601 | B23: AC 442 VH | C23: =IF(B23="","",IFERROR(VLOOKUP(B23,FLOTA!$A:$D,4,0)&" — "&VLOOKUP(B23,FLOTA!$A:$D,3,0),IFERROR(VLOOKUP(B23,'FLOTA TERCEROS'!$A:$D,4,0)&" — "&VLOOKUP(B23,'FLOTA TERCEROS'!$A:$D,3,0),"⚠ No encontrado"))) -> AMAROK CS 2.0 140CV — VOLKSWAGEN | D23: 80 | E23: N/A | F23: Aldo Rivera
A24: 45605 | B24: AD 755 DX | C24: =IF(B24="","",IFERROR(VLOOKUP(B24,FLOTA!$A:$D,4,0)&" — "&VLOOKUP(B24,FLOTA!$A:$D,3,0),IFERROR(VLOOKUP(B24,'FLOTA TERCEROS'!$A:$D,4,0)&" — "&VLOOKUP(B24,'FLOTA TERCEROS'!$A:$D,3,0),"⚠ No encontrado"))) -> SPRINTER 515 CDIC — MERCEDES BENZ | D24: 65 | E24: N/A | F24: Joel Huanuco
A25: 45605 | B25: AG 164 FA | C25: =IF(B25="","",IFERROR(VLOOKUP(B25,FLOTA!$A:$D,4,0)&" — "&VLOOKUP(B25,FLOTA!$A:$D,3,0),IFERROR(VLOOKUP(B25,'FLOTA TERCEROS'!$A:$D,4,0)&" — "&VLOOKUP(B25,'FLOTA TERCEROS'!$A:$D,3,0),"⚠ No encontrado"))) -> RANGER — FORD | D25: 40 | E25: N/A | F25: José Diaz
A26: 45608 | B26: AD 209 YG | C26: =IF(B26="","",IFERROR(VLOOKUP(B26,FLOTA!$A:$D,4,0)&" — "&VLOOKUP(B26,FLOTA!$A:$D,3,0),IFERROR(VLOOKUP(B26,'FLOTA TERCEROS'!$A:$D,4,0)&" — "&VLOOKUP(B26,'FLOTA TERCEROS'!$A:$D,3,0),"⚠ No encontrado"))) -> → completar — MERCEDES BENZ | D26: 50 | E26: N/A | F26: Facundo Vilte
A27: 45608 | B27: PKF 116 | C27: =IF(B27="","",IFERROR(VLOOKUP(B27,FLOTA!$A:$D,4,0)&" — "&VLOOKUP(B27,FLOTA!$A:$D,3,0),IFERROR(VLOOKUP(B27,'FLOTA TERCEROS'!$A:$D,4,0)&" — "&VLOOKUP(B27,'FLOTA TERCEROS'!$A:$D,3,0),"⚠ No encontrado"))) -> SPRINTER 515 CDIC — MERCEDES BENZ | D27: 60 | E27: N/A | F27: Facundo Ruiz
A28: 45608 | B28: AG 164 FB | C28: =IF(B28="","",IFERROR(VLOOKUP(B28,FLOTA!$A:$D,4,0)&" — "&VLOOKUP(B28,FLOTA!$A:$D,3,0),IFERROR(VLOOKUP(B28,'FLOTA TERCEROS'!$A:$D,4,0)&" — "&VLOOKUP(B28,'FLOTA TERCEROS'!$A:$D,3,0),"⚠ No encontrado"))) -> RANGER — FORD | D28: 55 | E28: N/A | F28: Jorge Orlandi
A29: 45608 | B29: AG 164 FA | C29: =IF(B29="","",IFERROR(VLOOKUP(B29,FLOTA!$A:$D,4,0)&" — "&VLOOKUP(B29,FLOTA!$A:$D,3,0),IFERROR(VLOOKUP(B29,'FLOTA TERCEROS'!$A:$D,4,0)&" — "&VLOOKUP(B29,'FLOTA TERCEROS'!$A:$D,3,0),"⚠ No encontrado"))) -> RANGER — FORD | D29: 50 | E29: N/A | F29: Gastón Curzi
A30: 45608 | B30: AC 442 VH | C30: =IF(B30="","",IFERROR(VLOOKUP(B30,FLOTA!$A:$D,4,0)&" — "&VLOOKUP(B30,FLOTA!$A:$D,3,0),IFERROR(VLOOKUP(B30,'FLOTA TERCEROS'!$A:$D,4,0)&" — "&VLOOKUP(B30,'FLOTA TERCEROS'!$A:$D,3,0),"⚠ No encontrado"))) -> AMAROK CS 2.0 140CV — VOLKSWAGEN | D30: 60 | E30: N/A | F30: Aldo Rivera
A31: 45608 | B31: AA 757 OT | C31: =IF(B31="","",IFERROR(VLOOKUP(B31,FLOTA!$A:$D,4,0)&" — "&VLOOKUP(B31,FLOTA!$A:$D,3,0),IFERROR(VLOOKUP(B31,'FLOTA TERCEROS'!$A:$D,4,0)&" — "&VLOOKUP(B31,'FLOTA TERCEROS'!$A:$D,3,0),"⚠ No encontrado"))) -> HILUX 4X2 CD SRV 3.0 — TOYOTA | D31: 55 | E31: N/A | F31: Nicolás Flores
A32: 45609 | B32: AC 777 AA | C32: =IF(B32="","",IFERROR(VLOOKUP(B32,FLOTA!$A:$D,4,0)&" — "&VLOOKUP(B32,FLOTA!$A:$D,3,0),IFERROR(VLOOKUP(B32,'FLOTA TERCEROS'!$A:$D,4,0)&" — "&VLOOKUP(B32,'FLOTA TERCEROS'!$A:$D,3,0),"⚠ No encontrado"))) -> S10 — CHEVROLET | D32: 60 | E32: N/A | F32: Silvia Suarez
A33: 45610 | B33: AD 755 DX | C33: =IF(B33="","",IFERROR(VLOOKUP(B33,FLOTA!$A:$D,4,0)&" — "&VLOOKUP(B33,FLOTA!$A:$D,3,0),IFERROR(VLOOKUP(B33,'FLOTA TERCEROS'!$A:$D,4,0)&" — "&VLOOKUP(B33,'FLOTA TERCEROS'!$A:$D,3,0),"⚠ No encontrado"))) -> SPRINTER 515 CDIC — MERCEDES BENZ | D33: 70 | E33: N/A | F33: Joel Huanuco
A34: 45611 | B34: MPR 852 | C34: =IF(B34="","",IFERROR(VLOOKUP(B34,FLOTA!$A:$D,4,0)&" — "&VLOOKUP(B34,FLOTA!$A:$D,3,0),IFERROR(VLOOKUP(B34,'FLOTA TERCEROS'!$A:$D,4,0)&" — "&VLOOKUP(B34,'FLOTA TERCEROS'!$A:$D,3,0),"⚠ No encontrado"))) -> AMAROK CD 2.0 4X4 180CV — VOLKSWAGEN | D34: 75 | E34: N/A | F34: Fabián Gonzales
... A144: 45700 | B144: PKF 116 | C144: =IF(B144="","",IFERROR(VLOOKUP(B144,FLOTA!$A:$D,4,0)&" — "&VLOOKUP(B144,FLOTA!$A:$D,3,0),IFERROR(VLOOKUP(B144,'FLOTA TERCEROS'!$A:$D,4,0)&" — "&VLOOKUP(B144,'FLOTA TERCEROS'!$A:$D,3,0),"⚠ No encontrado"))) -> SPRINTER 515 CDIC — MERCEDES BENZ | D144: 67 | E144: N/A | F144: René Reyes
A145: 45700 | B145: MPR 852 | C145: =IF(B145="","",IFERROR(VLOOKUP(B145,FLOTA!$A:$D,4,0)&" — "&VLOOKUP(B145,FLOTA!$A:$D,3,0),IFERROR(VLOOKUP(B145,'FLOTA TERCEROS'!$A:$D,4,0)&" — "&VLOOKUP(B145,'FLOTA TERCEROS'!$A:$D,3,0),"⚠ No encontrado"))) -> AMAROK CD 2.0 4X4 180CV — VOLKSWAGEN | D145: 60 | E145: N/A | F145: Joel Huanuco | G145: Personal Seguridad y P.
A146: 45700 | B146: AA 757 OT | C146: =IF(B146="","",IFERROR(VLOOKUP(B146,FLOTA!$A:$D,4,0)&" — "&VLOOKUP(B146,FLOTA!$A:$D,3,0),IFERROR(VLOOKUP(B146,'FLOTA TERCEROS'!$A:$D,4,0)&" — "&VLOOKUP(B146,'FLOTA TERCEROS'!$A:$D,3,0),"⚠ No encontrado"))) -> HILUX 4X2 CD SRV 3.0 — TOYOTA | D146: 60 | E146: N/A | F146: Nicolás Flores
A147: 45700 | B147: AA 932 XX | C147: =IF(B147="","",IFERROR(VLOOKUP(B147,FLOTA!$A:$D,4,0)&" — "&VLOOKUP(B147,FLOTA!$A:$D,3,0),IFERROR(VLOOKUP(B147,'FLOTA TERCEROS'!$A:$D,4,0)&" — "&VLOOKUP(B147,'FLOTA TERCEROS'!$A:$D,3,0),"⚠ No encontrado"))) -> AMAROK DC 2.0L TDI 180CV 4X4 — VOLKSWAGEN | D147: 70 | E147: N/A | F147: Lucas Calvó | G147: Personal Seguridad y P.
A148: 45700 | B148: PKF 116 | C148: =IF(B148="","",IFERROR(VLOOKUP(B148,FLOTA!$A:$D,4,0)&" — "&VLOOKUP(B148,FLOTA!$A:$D,3,0),IFERROR(VLOOKUP(B148,'FLOTA TERCEROS'!$A:$D,4,0)&" — "&VLOOKUP(B148,'FLOTA TERCEROS'!$A:$D,3,0),"⚠ No encontrado"))) -> SPRINTER 515 CDIC — MERCEDES BENZ | D148: 60 | E148: N/A | F148: René Reyes
A149: 45703 | B149: AD 209 YG | C149: =IF(B149="","",IFERROR(VLOOKUP(B149,FLOTA!$A:$D,4,0)&" — "&VLOOKUP(B149,FLOTA!$A:$D,3,0),IFERROR(VLOOKUP(B149,'FLOTA TERCEROS'!$A:$D,4,0)&" — "&VLOOKUP(B149,'FLOTA TERCEROS'!$A:$D,3,0),"⚠ No encontrado"))) -> → completar — MERCEDES BENZ | D149: 30 | E149: N/A | F149: Facundo Vilte
A150: 45703 | B150: MPR 852 | C150: =IF(B150="","",IFERROR(VLOOKUP(B150,FLOTA!$A:$D,4,0)&" — "&VLOOKUP(B150,FLOTA!$A:$D,3,0),IFERROR(VLOOKUP(B150,'FLOTA TERCEROS'!$A:$D,4,0)&" — "&VLOOKUP(B150,'FLOTA TERCEROS'!$A:$D,3,0),"⚠ No encontrado"))) -> AMAROK CD 2.0 4X4 180CV — VOLKSWAGEN | D150: 50 | E150: N/A | F150: José Diaz | G150: Personal Seguridad y P.
A151: 45705 | B151: AA 932 XX | C151: =IF(B151="","",IFERROR(VLOOKUP(B151,FLOTA!$A:$D,4,0)&" — "&VLOOKUP(B151,FLOTA!$A:$D,3,0),IFERROR(VLOOKUP(B151,'FLOTA TERCEROS'!$A:$D,4,0)&" — "&VLOOKUP(B151,'FLOTA TERCEROS'!$A:$D,3,0),"⚠ No encontrado"))) -> AMAROK DC 2.0L TDI 180CV 4X4 — VOLKSWAGEN | D151: 60 | E151: N/A | F151: Lucas Calvó
A152: 45705 | B152: AD 209 YG | C152: =IF(B152="","",IFERROR(VLOOKUP(B152,FLOTA!$A:$D,4,0)&" — "&VLOOKUP(B152,FLOTA!$A:$D,3,0),IFERROR(VLOOKUP(B152,'FLOTA TERCEROS'!$A:$D,4,0)&" — "&VLOOKUP(B152,'FLOTA TERCEROS'!$A:$D,3,0),"⚠ No encontrado"))) -> → completar — MERCEDES BENZ | D152: 60 | E152: N/A | F152: Facundo Vilte
A153: 45705 | B153: MPR 852 | C153: =IF(B153="","",IFERROR(VLOOKUP(B153,FLOTA!$A:$D,4,0)&" — "&VLOOKUP(B153,FLOTA!$A:$D,3,0),IFERROR(VLOOKUP(B153,'FLOTA TERCEROS'!$A:$D,4,0)&" — "&VLOOKUP(B153,'FLOTA TERCEROS'!$A:$D,3,0),"⚠ No encontrado"))) -> AMAROK CD 2.0 4X4 180CV — VOLKSWAGEN | D153: 70 | E153: N/A | F153: Joel Huanuco
A154: 45706 | B154: PKF 116 | C154: =IF(B154="","",IFERROR(VLOOKUP(B154,FLOTA!$A:$D,4,0)&" — "&VLOOKUP(B154,FLOTA!$A:$D,3,0),IFERROR(VLOOKUP(B154,'FLOTA TERCEROS'!$A:$D,4,0)&" — "&VLOOKUP(B154,'FLOTA TERCEROS'!$A:$D,3,0),"⚠ No encontrado"))) -> SPRINTER 515 CDIC — MERCEDES BENZ | D154: 50 | E154: N/A | F154: René Reyes
A155: 45706 | B155: AA 932 XX | C155: =IF(B155="","",IFERROR(VLOOKUP(B155,FLOTA!$A:$D,4,0)&" — "&VLOOKUP(B155,FLOTA!$A:$D,3,0),IFERROR(VLOOKUP(B155,'FLOTA TERCEROS'!$A:$D,4,0)&" — "&VLOOKUP(B155,'FLOTA TERCEROS'!$A:$D,3,0),"⚠ No encontrado"))) -> AMAROK DC 2.0L TDI 180CV 4X4 — VOLKSWAGEN | D155: 55 | E155: N/A | F155: Lucas Calvó
A156: 45707 | B156: AG 164 FA | C156: =IF(B156="","",IFERROR(VLOOKUP(B156,FLOTA!$A:$D,4,0)&" — "&VLOOKUP(B156,FLOTA!$A:$D,3,0),IFERROR(VLOOKUP(B156,'FLOTA TERCEROS'!$A:$D,4,0)&" — "&VLOOKUP(B156,'FLOTA TERCEROS'!$A:$D,3,0),"⚠ No encontrado"))) -> RANGER — FORD | D156: 50 | E156: N/A | F156: Jorge Orlandi
A157: 45708 | B157: AC 442 VH | C157: =IF(B157="","",IFERROR(VLOOKUP(B157,FLOTA!$A:$D,4,0)&" — "&VLOOKUP(B157,FLOTA!$A:$D,3,0),IFERROR(VLOOKUP(B157,'FLOTA TERCEROS'!$A:$D,4,0)&" — "&VLOOKUP(B157,'FLOTA TERCEROS'!$A:$D,3,0),"⚠ No encontrado"))) -> AMAROK CS 2.0 140CV — VOLKSWAGEN | D157: 60 | E157: N/A | F157: Aldo Rivera
A158: 45708 | B158: AG 164 FA | C158: =IF(B158="","",IFERROR(VLOOKUP(B158,FLOTA!$A:$D,4,0)&" — "&VLOOKUP(B158,FLOTA!$A:$D,3,0),IFERROR(VLOOKUP(B158,'FLOTA TERCEROS'!$A:$D,4,0)&" — "&VLOOKUP(B158,'FLOTA TERCEROS'!$A:$D,3,0),"⚠ No encontrado"))) -> RANGER — FORD | D158: 60 | E158: N/A | F158: Gastón Curzi
A159: 45709 | B159: AD 209 YG | C159: =IF(B159="","",IFERROR(VLOOKUP(B159,FLOTA!$A:$D,4,0)&" — "&VLOOKUP(B159,FLOTA!$A:$D,3,0),IFERROR(VLOOKUP(B159,'FLOTA TERCEROS'!$A:$D,4,0)&" — "&VLOOKUP(B159,'FLOTA TERCEROS'!$A:$D,3,0),"⚠ No encontrado"))) -> → completar — MERCEDES BENZ | D159: 50 | E159: N/A | F159: Facundo Vilte
A160: 45709 | B160: PKF 116 | C160: =IF(B160="","",IFERROR(VLOOKUP(B160,FLOTA!$A:$D,4,0)&" — "&VLOOKUP(B160,FLOTA!$A:$D,3,0),IFERROR(VLOOKUP(B160,'FLOTA TERCEROS'!$A:$D,4,0)&" — "&VLOOKUP(B160,'FLOTA TERCEROS'!$A:$D,3,0),"⚠ No encontrado"))) -> SPRINTER 515 CDIC — MERCEDES BENZ | D160: 50 | E160: N/A | F160: René Reyes
A161: 45710 | B161: AA 932 XX | C161: =IF(B161="","",IFERROR(VLOOKUP(B161,FLOTA!$A:$D,4,0)&" — "&VLOOKUP(B161,FLOTA!$A:$D,3,0),IFERROR(VLOOKUP(B161,'FLOTA TERCEROS'!$A:$D,4,0)&" — "&VLOOKUP(B161,'FLOTA TERCEROS'!$A:$D,3,0),"⚠ No encontrado"))) -> AMAROK DC 2.0L TDI 180CV 4X4 — VOLKSWAGEN | D161: 50 | E161: N/A | F161: José Diaz | G161: Personal Seguridad y P.
A162: 45710 | B162: AG 164 FB | C162: =IF(B162="","",IFERROR(VLOOKUP(B162,FLOTA!$A:$D,4,0)&" — "&VLOOKUP(B162,FLOTA!$A:$D,3,0),IFERROR(VLOOKUP(B162,'FLOTA TERCEROS'!$A:$D,4,0)&" — "&VLOOKUP(B162,'FLOTA TERCEROS'!$A:$D,3,0),"⚠ No encontrado"))) -> RANGER — FORD | D162: 55 | E162: N/A | F162: Jorge Orlandi
A163: 45713 | B163: AA 932 XX | C163: =IF(B163="","",IFERROR(VLOOKUP(B163,FLOTA!$A:$D,4,0)&" — "&VLOOKUP(B163,FLOTA!$A:$D,3,0),IFERROR(VLOOKUP(B163,'FLOTA TERCEROS'!$A:$D,4,0)&" — "&VLOOKUP(B163,'FLOTA TERCEROS'!$A:$D,3,0),"⚠ No encontrado"))) -> AMAROK DC 2.0L TDI 180CV 4X4 — VOLKSWAGEN | D163: 77 | E163: N/A | F163: Lucas Calvó
A164: 45713 | B164: MPR 852 | C164: =IF(B164="","",IFERROR(VLOOKUP(B164,FLOTA!$A:$D,4,0)&" — "&VLOOKUP(B164,FLOTA!$A:$D,3,0),IFERROR(VLOOKUP(B164,'FLOTA TERCEROS'!$A:$D,4,0)&" — "&VLOOKUP(B164,'FLOTA TERCEROS'!$A:$D,3,0),"⚠ No encontrado"))) -> AMAROK CD 2.0 4X4 180CV — VOLKSWAGEN | D164: 80 | E164: N/A | F164: Joel Huanuco | G164: Personal Seguridad y P.
A165: 45714 | B165: PKF 116 | C165: =IF(B165="","",IFERROR(VLOOKUP(B165,FLOTA!$A:$D,4,0)&" — "&VLOOKUP(B165,FLOTA!$A:$D,3,0),IFERROR(VLOOKUP(B165,'FLOTA TERCEROS'!$A:$D,4,0)&" — "&VLOOKUP(B165,'FLOTA TERCEROS'!$A:$D,3,0),"⚠ No encontrado"))) -> SPRINTER 515 CDIC — MERCEDES BENZ | D165: 70 | E165: N/A | F165: René Reyes
A166: 45714 | B166: AG 164 FB | C166: =IF(B166="","",IFERROR(VLOOKUP(B166,FLOTA!$A:$D,4,0)&" — "&VLOOKUP(B166,FLOTA!$A:$D,3,0),IFERROR(VLOOKUP(B166,'FLOTA TERCEROS'!$A:$D,4,0)&" — "&VLOOKUP(B166,'FLOTA TERCEROS'!$A:$D,3,0),"⚠ No encontrado"))) -> RANGER — FORD | D166: 60 | E166: N/A | F166: Jorge Orlandi
A167: 45715 | B167: AG 164 FA | C167: =IF(B167="","",IFERROR(VLOOKUP(B167,FLOTA!$A:$D,4,0)&" — "&VLOOKUP(B167,FLOTA!$A:$D,3,0),IFERROR(VLOOKUP(B167,'FLOTA TERCEROS'!$A:$D,4,0)&" — "&VLOOKUP(B167,'FLOTA TERCEROS'!$A:$D,3,0),"⚠ No encontrado"))) -> RANGER — FORD | D167: 60 | E167: N/A | F167: Fernando Cossio
A168: 45715 | B168: AC 442 VH | C168: =IF(B168="","",IFERROR(VLOOKUP(B168,FLOTA!$A:$D,4,0)&" — "&VLOOKUP(B168,FLOTA!$A:$D,3,0),IFERROR(VLOOKUP(B168,'FLOTA TERCEROS'!$A:$D,4,0)&" — "&VLOOKUP(B168,'FLOTA TERCEROS'!$A:$D,3,0),"⚠ No encontrado"))) -> AMAROK CS 2.0 140CV — VOLKSWAGEN | D168: 50 | E168: N/A | F168: Aldo Rivera
A169: 45716 | B169: AD 209 YG | C169: =IF(B169="","",IFERROR(VLOOKUP(B169,FLOTA!$A:$D,4,0)&" — "&VLOOKUP(B169,FLOTA!$A:$D,3,0),IFERROR(VLOOKUP(B169,'FLOTA TERCEROS'!$A:$D,4,0)&" — "&VLOOKUP(B169,'FLOTA TERCEROS'!$A:$D,3,0),"⚠ No encontrado"))) -> → completar — MERCEDES BENZ | D169: 30 | E169: N/A | F169: Facundo Vilte
A170: 45716 | B170: AA 932 XX | C170: =IF(B170="","",IFERROR(VLOOKUP(B170,FLOTA!$A:$D,4,0)&" — "&VLOOKUP(B170,FLOTA!$A:$D,3,0),IFERROR(VLOOKUP(B170,'FLOTA TERCEROS'!$A:$D,4,0)&" — "&VLOOKUP(B170,'FLOTA TERCEROS'!$A:$D,3,0),"⚠ No encontrado"))) -> AMAROK DC 2.0L TDI 180CV 4X4 — VOLKSWAGEN | D170: 70 | E170: N/A | F170: Lucas Calvó
A171: 45716 | B171: MPR 852 | C171: =IF(B171="","",IFERROR(VLOOKUP(B171,FLOTA!$A:$D,4,0)&" — "&VLOOKUP(B171,FLOTA!$A:$D,3,0),IFERROR(VLOOKUP(B171,'FLOTA TERCEROS'!$A:$D,4,0)&" — "&VLOOKUP(B171,'FLOTA TERCEROS'!$A:$D,3,0),"⚠ No encontrado"))) -> AMAROK CD 2.0 4X4 180CV — VOLKSWAGEN | D171: 70 | E171: N/A | F171: Joel Huanuco | G171: Personal Seguridad y P.
A172: 45717 | B172: OFB 802 | C172: =IF(B172="","",IFERROR(VLOOKUP(B172,FLOTA!$A:$D,4,0)&" — "&VLOOKUP(B172,FLOTA!$A:$D,3,0),IFERROR(VLOOKUP(B172,'FLOTA TERCEROS'!$A:$D,4,0)&" — "&VLOOKUP(B172,'FLOTA TERCEROS'!$A:$D,3,0),"⚠ No encontrado"))) -> RANGER 2 CD 4X4 XLS 3.2L — FORD | D172: 80 | E172: N/A | F172: Fabián Gonzales
A173: 45717 | B173: AA 757 OT | C173: =IF(B173="","",IFERROR(VLOOKUP(B173,FLOTA!$A:$D,4,0)&" — "&VLOOKUP(B173,FLOTA!$A:$D,3,0),IFERROR(VLOOKUP(B173,'FLOTA TERCEROS'!$A:$D,4,0)&" — "&VLOOKUP(B173,'FLOTA TERCEROS'!$A:$D,3,0),"⚠ No encontrado"))) -> HILUX 4X2 CD SRV 3.0 — TOYOTA | D173: 65 | E173: N/A | F173: Nicolás Flores
A174: 45717 | B174: AG 164 FB | C174: =IF(B174="","",IFERROR(VLOOKUP(B174,FLOTA!$A:$D,4,0)&" — "&VLOOKUP(B174,FLOTA!$A:$D,3,0),IFERROR(VLOOKUP(B174,'FLOTA TERCEROS'!$A:$D,4,0)&" — "&VLOOKUP(B174,'FLOTA TERCEROS'!$A:$D,3,0),"⚠ No encontrado"))) -> RANGER — FORD | D174: 65 | E174: N/A | F174: Jorge Orlandi
A175: 45717 | B175: AC 442 VH | C175: =IF(B175="","",IFERROR(VLOOKUP(B175,FLOTA!$A:$D,4,0)&" — "&VLOOKUP(B175,FLOTA!$A:$D,3,0),IFERROR(VLOOKUP(B175,'FLOTA TERCEROS'!$A:$D,4,0)&" — "&VLOOKUP(B175,'FLOTA TERCEROS'!$A:$D,3,0),"⚠ No encontrado"))) -> AMAROK CS 2.0 140CV — VOLKSWAGEN | D175: 60 | E175: N/A | F175: José Diaz | G175: Personal Seguridad y P.
A176: 45722 | B176: PKF 116 | C176: =IF(B176="","",IFERROR(VLOOKUP(B176,FLOTA!$A:$D,4,0)&" — "&VLOOKUP(B176,FLOTA!$A:$D,3,0),IFERROR(VLOOKUP(B176,'FLOTA TERCEROS'!$A:$D,4,0)&" — "&VLOOKUP(B176,'FLOTA TERCEROS'!$A:$D,3,0),"⚠ No encontrado"))) -> SPRINTER 515 CDIC — MERCEDES BENZ | D176: 70 | E176: N/A | F176: -
A177: 45722 | B177: MPR 852 | C177: =IF(B177="","",IFERROR(VLOOKUP(B177,FLOTA!$A:$D,4,0)&" — "&VLOOKUP(B177,FLOTA!$A:$D,3,0),IFERROR(VLOOKUP(B177,'FLOTA TERCEROS'!$A:$D,4,0)&" — "&VLOOKUP(B177,'FLOTA TERCEROS'!$A:$D,3,0),"⚠ No encontrado"))) -> AMAROK CD 2.0 4X4 180CV — VOLKSWAGEN | D177: 55 | E177: N/A | F177: Joel Huanuco
A178: 45724 | B178: AC 442 VH | C178: =IF(B178="","",IFERROR(VLOOKUP(B178,FLOTA!$A:$D,4,0)&" — "&VLOOKUP(B178,FLOTA!$A:$D,3,0),IFERROR(VLOOKUP(B178,'FLOTA TERCEROS'!$A:$D,4,0)&" — "&VLOOKUP(B178,'FLOTA TERCEROS'!$A:$D,3,0),"⚠ No encontrado"))) -> AMAROK CS 2.0 140CV — VOLKSWAGEN | D178: 40 | E178: N/A | F178: Aldo Rivera
A179: 45724 | B179: AG 164 FA | C179: =IF(B179="","",IFERROR(VLOOKUP(B179,FLOTA!$A:$D,4,0)&" — "&VLOOKUP(B179,FLOTA!$A:$D,3,0),IFERROR(VLOOKUP(B179,'FLOTA TERCEROS'!$A:$D,4,0)&" — "&VLOOKUP(B179,'FLOTA TERCEROS'!$A:$D,3,0),"⚠ No encontrado"))) -> RANGER — FORD | D179: 60 | E179: N/A | F179: Gastón Curzi
A180: 45724 | B180: AA 932 XX | C180: =IF(B180="","",IFERROR(VLOOKUP(B180,FLOTA!$A:$D,4,0)&" — "&VLOOKUP(B180,FLOTA!$A:$D,3,0),IFERROR(VLOOKUP(B180,'FLOTA TERCEROS'!$A:$D,4,0)&" — "&VLOOKUP(B180,'FLOTA TERCEROS'!$A:$D,3,0),"⚠ No encontrado"))) -> AMAROK DC 2.0L TDI 180CV 4X4 — VOLKSWAGEN | D180: 45 | E180: N/A | F180: Lucas Calvó | G180: Personal Seguridad y P.
A181: 45724 | B181: AD 209 YG | C181: =IF(B181="","",IFERROR(VLOOKUP(B181,FLOTA!$A:$D,4,0)&" — "&VLOOKUP(B181,FLOTA!$A:$D,3,0),IFERROR(VLOOKUP(B181,'FLOTA TERCEROS'!$A:$D,4,0)&" — "&VLOOKUP(B181,'FLOTA TERCEROS'!$A:$D,3,0),"⚠ No encontrado"))) -> → completar — MERCEDES BENZ | D181: 47 | E181: N/A | F181: Facundo Vilte
A182: 45724 | B182: AG 164 FB | C182: =IF(B182="","",IFERROR(VLOOKUP(B182,FLOTA!$A:$D,4,0)&" — "&VLOOKUP(B182,FLOTA!$A:$D,3,0),IFERROR(VLOOKUP(B182,'FLOTA TERCEROS'!$A:$D,4,0)&" — "&VLOOKUP(B182,'FLOTA TERCEROS'!$A:$D,3,0),"⚠ No encontrado"))) -> RANGER — FORD | D182: 50 | E182: N/A | F182: Jorge Orlandi
A183: 45727 | B183: AA 932 XX | C183: =IF(B183="","",IFERROR(VLOOKUP(B183,FLOTA!$A:$D,4,0)&" — "&VLOOKUP(B183,FLOTA!$A:$D,3,0),IFERROR(VLOOKUP(B183,'FLOTA TERCEROS'!$A:$D,4,0)&" — "&VLOOKUP(B183,'FLOTA TERCEROS'!$A:$D,3,0),"⚠ No encontrado"))) -> AMAROK DC 2.0L TDI 180CV 4X4 — VOLKSWAGEN | D183: 70 | E183: N/A | F183: Lucas Calvó | G183: Personal Seguridad y P.
A184: 45727 | B184: AD 209 YG | C184: =IF(B184="","",IFERROR(VLOOKUP(B184,FLOTA!$A:$D,4,0)&" — "&VLOOKUP(B184,FLOTA!$A:$D,3,0),IFERROR(VLOOKUP(B184,'FLOTA TERCEROS'!$A:$D,4,0)&" — "&VLOOKUP(B184,'FLOTA TERCEROS'!$A:$D,3,0),"⚠ No encontrado"))) -> → completar — MERCEDES BENZ | D184: 60 | E184: N/A | F184: Facundo Vilte
A185: 45727 | B185: MPR 852 | C185: =IF(B185="","",IFERROR(VLOOKUP(B185,FLOTA!$A:$D,4,0)&" — "&VLOOKUP(B185,FLOTA!$A:$D,3,0),IFERROR(VLOOKUP(B185,'FLOTA TERCEROS'!$A:$D,4,0)&" — "&VLOOKUP(B185,'FLOTA TERCEROS'!$A:$D,3,0),"⚠ No encontrado"))) -> AMAROK CD 2.0 4X4 180CV — VOLKSWAGEN | D185: 70 | E185: N/A | F185: Joel Huanuco
A186: 45727 | B186: OFB 802 | C186: =IF(B186="","",IFERROR(VLOOKUP(B186,FLOTA!$A:$D,4,0)&" — "&VLOOKUP(B186,FLOTA!$A:$D,3,0),IFERROR(VLOOKUP(B186,'FLOTA TERCEROS'!$A:$D,4,0)&" — "&VLOOKUP(B186,'FLOTA TERCEROS'!$A:$D,3,0),"⚠ No encontrado"))) -> RANGER 2 CD 4X4 XLS 3.2L — FORD | D186: 50 | E186: N/A | F186: FAbián Gonzales
A187: 45729 | B187: AA 932 XX | C187: =IF(B187="","",IFERROR(VLOOKUP(B187,FLOTA!$A:$D,4,0)&" — "&VLOOKUP(B187,FLOTA!$A:$D,3,0),IFERROR(VLOOKUP(B187,'FLOTA TERCEROS'!$A:$D,4,0)&" — "&VLOOKUP(B187,'FLOTA TERCEROS'!$A:$D,3,0),"⚠ No encontrado"))) -> AMAROK DC 2.0L TDI 180CV 4X4 — VOLKSWAGEN | D187: 70 | E187: N/A | F187: Lucas Calvó | G187: Personal Seguridad y P.
A188: 45729 | B188: PKF 116 | C188: =IF(B188="","",IFERROR(VLOOKUP(B188,FLOTA!$A:$D,4,0)&" — "&VLOOKUP(B188,FLOTA!$A:$D,3,0),IFERROR(VLOOKUP(B188,'FLOTA TERCEROS'!$A:$D,4,0)&" — "&VLOOKUP(B188,'FLOTA TERCEROS'!$A:$D,3,0),"⚠ No encontrado"))) -> SPRINTER 515 CDIC — MERCEDES BENZ | D188: 60 | E188: N/A | F188: Facundo Ruiz
A189: 45729 | B189: AC 442 VH | C189: =IF(B189="","",IFERROR(VLOOKUP(B189,FLOTA!$A:$D,4,0)&" — "&VLOOKUP(B189,FLOTA!$A:$D,3,0),IFERROR(VLOOKUP(B189,'FLOTA TERCEROS'!$A:$D,4,0)&" — "&VLOOKUP(B189,'FLOTA TERCEROS'!$A:$D,3,0),"⚠ No encontrado"))) -> AMAROK CS 2.0 140CV — VOLKSWAGEN | D189: 30 | E189: N/A | F189: Aldo Rivera
A190: 45730 | B190: OFB 802 | C190: =IF(B190="","",IFERROR(VLOOKUP(B190,FLOTA!$A:$D,4,0)&" — "&VLOOKUP(B190,FLOTA!$A:$D,3,0),IFERROR(VLOOKUP(B190,'FLOTA TERCEROS'!$A:$D,4,0)&" — "&VLOOKUP(B190,'FLOTA TERCEROS'!$A:$D,3,0),"⚠ No encontrado"))) -> RANGER 2 CD 4X4 XLS 3.2L — FORD | D190: 40 | E190: N/A | F190: Fabián Gonzales
A191: 45730 | B191: AD 209 YG | C191: =IF(B191="","",IFERROR(VLOOKUP(B191,FLOTA!$A:$D,4,0)&" — "&VLOOKUP(B191,FLOTA!$A:$D,3,0),IFERROR(VLOOKUP(B191,'FLOTA TERCEROS'!$A:$D,4,0)&" — "&VLOOKUP(B191,'FLOTA TERCEROS'!$A:$D,3,0),"⚠ No encontrado"))) -> → completar — MERCEDES BENZ | D191: 30 | E191: N/A | F191: Facundo Vilte
A192: 45730 | B192: AG 164 FA | C192: =IF(B192="","",IFERROR(VLOOKUP(B192,FLOTA!$A:$D,4,0)&" — "&VLOOKUP(B192,FLOTA!$A:$D,3,0),IFERROR(VLOOKUP(B192,'FLOTA TERCEROS'!$A:$D,4,0)&" — "&VLOOKUP(B192,'FLOTA TERCEROS'!$A:$D,3,0),"⚠ No encontrado"))) -> RANGER — FORD | D192: 60 | E192: N/A | F192: Rolando Acha | G192: Personal de mantenimiento
A193: 45730 | B193: AC 442 VH | C193: =IF(B193="","",IFERROR(VLOOKUP(B193,FLOTA!$A:$D,4,0)&" — "&VLOOKUP(B193,FLOTA!$A:$D,3,0),IFERROR(VLOOKUP(B193,'FLOTA TERCEROS'!$A:$D,4,0)&" — "&VLOOKUP(B193,'FLOTA TERCEROS'!$A:$D,3,0),"⚠ No encontrado"))) -> AMAROK CS 2.0 140CV — VOLKSWAGEN | D193: 70 | E193: N/A | F193: José Diaz | G193: Personal Seguridad y P.
A194: 45733 | B194: AG 164 FB | C194: =IF(B194="","",IFERROR(VLOOKUP(B194,FLOTA!$A:$D,4,0)&" — "&VLOOKUP(B194,FLOTA!$A:$D,3,0),IFERROR(VLOOKUP(B194,'FLOTA TERCEROS'!$A:$D,4,0)&" — "&VLOOKUP(B194,'FLOTA TERCEROS'!$A:$D,3,0),"⚠ No encontrado"))) -> RANGER — FORD | D194: 70 | E194: N/A | F194: Jorge Orlandi
A195: 45733 | B195: AD 209 YG | C195: =IF(B195="","",IFERROR(VLOOKUP(B195,FLOTA!$A:$D,4,0)&" — "&VLOOKUP(B195,FLOTA!$A:$D,3,0),IFERROR(VLOOKUP(B195,'FLOTA TERCEROS'!$A:$D,4,0)&" — "&VLOOKUP(B195,'FLOTA TERCEROS'!$A:$D,3,0),"⚠ No encontrado"))) -> → completar — MERCEDES BENZ | D195: 70 | E195: N/A | F195: Facundo Vilte
A196: 45734 | B196: AA 932 XX | C196: =IF(B196="","",IFERROR(VLOOKUP(B196,FLOTA!$A:$D,4,0)&" — "&VLOOKUP(B196,FLOTA!$A:$D,3,0),IFERROR(VLOOKUP(B196,'FLOTA TERCEROS'!$A:$D,4,0)&" — "&VLOOKUP(B196,'FLOTA TERCEROS'!$A:$D,3,0),"⚠ No encontrado"))) -> AMAROK DC 2.0L TDI 180CV 4X4 — VOLKSWAGEN | D196: 70 | E196: N/A | F196: Lucas Calvó | G196: Personal Seguridad y P.
A197: 45734 | B197: MPR 852 | C197: =IF(B197="","",IFERROR(VLOOKUP(B197,FLOTA!$A:$D,4,0)&" — "&VLOOKUP(B197,FLOTA!$A:$D,3,0),IFERROR(VLOOKUP(B197,'FLOTA TERCEROS'!$A:$D,4,0)&" — "&VLOOKUP(B197,'FLOTA TERCEROS'!$A:$D,3,0),"⚠ No encontrado"))) -> AMAROK CD 2.0 4X4 180CV — VOLKSWAGEN | D197: 70 | E197: N/A | F197: Joel Huanuco
A198: 45735 | B198: AG 164 FA | C198: =IF(B198="","",IFERROR(VLOOKUP(B198,FLOTA!$A:$D,4,0)&" — "&VLOOKUP(B198,FLOTA!$A:$D,3,0),IFERROR(VLOOKUP(B198,'FLOTA TERCEROS'!$A:$D,4,0)&" — "&VLOOKUP(B198,'FLOTA TERCEROS'!$A:$D,3,0),"⚠ No encontrado"))) -> RANGER — FORD | D198: 75 | E198: N/A | F198: Gastón Curzi
A199: 45735 | B199: OFB 802 | C199: =IF(B199="","",IFERROR(VLOOKUP(B199,FLOTA!$A:$D,4,0)&" — "&VLOOKUP(B199,FLOTA!$A:$D,3,0),IFERROR(VLOOKUP(B199,'FLOTA TERCEROS'!$A:$D,4,0)&" — "&VLOOKUP(B199,'FLOTA TERCEROS'!$A:$D,3,0),"⚠ No encontrado"))) -> RANGER 2 CD 4X4 XLS 3.2L — FORD | D199: 62 | E199: N/A | F199: Fabián Gonzales
A200: 45735 | B200: AC 442 VH | C200: =IF(B200="","",IFERROR(VLOOKUP(B200,FLOTA!$A:$D,4,0)&" — "&VLOOKUP(B200,FLOTA!$A:$D,3,0),IFERROR(VLOOKUP(B200,'FLOTA TERCEROS'!$A:$D,4,0)&" — "&VLOOKUP(B200,'FLOTA TERCEROS'!$A:$D,3,0),"⚠ No encontrado"))) -> AMAROK CS 2.0 140CV — VOLKSWAGEN | D200: 70 | E200: N/A | F200: Aldo Rivera
A201: 45735 | B201: PKF 116 | C201: =IF(B201="","",IFERROR(VLOOKUP(B201,FLOTA!$A:$D,4,0)&" — "&VLOOKUP(B201,FLOTA!$A:$D,3,0),IFERROR(VLOOKUP(B201,'FLOTA TERCEROS'!$A:$D,4,0)&" — "&VLOOKUP(B201,'FLOTA TERCEROS'!$A:$D,3,0),"⚠ No encontrado"))) -> SPRINTER 515 CDIC — MERCEDES BENZ | D201: 70 | E201: N/A | F201: Facundo Ruiz
A202: 45736 | B202: AA 932 XX | C202: =IF(B202="","",IFERROR(VLOOKUP(B202,FLOTA!$A:$D,4,0)&" — "&VLOOKUP(B202,FLOTA!$A:$D,3,0),IFERROR(VLOOKUP(B202,'FLOTA TERCEROS'!$A:$D,4,0)&" — "&VLOOKUP(B202,'FLOTA TERCEROS'!$A:$D,3,0),"⚠ No encontrado"))) -> AMAROK DC 2.0L TDI 180CV 4X4 — VOLKSWAGEN | D202: 70 | E202: N/A | F202: Lucas Calvó | G202: Personal Seguridad y P.
A203: 45742 | B203: PKF 116 | C203: =IF(B203="","",IFERROR(VLOOKUP(B203,FLOTA!$A:$D,4,0)&" — "&VLOOKUP(B203,FLOTA!$A:$D,3,0),IFERROR(VLOOKUP(B203,'FLOTA TERCEROS'!$A:$D,4,0)&" — "&VLOOKUP(B203,'FLOTA TERCEROS'!$A:$D,3,0),"⚠ No encontrado"))) -> SPRINTER 515 CDIC — MERCEDES BENZ | D203: 70 | E203: N/A | F203: René Reyes
A204: 45742 | B204: AD 209 YG | C204: =IF(B204="","",IFERROR(VLOOKUP(B204,FLOTA!$A:$D,4,0)&" — "&VLOOKUP(B204,FLOTA!$A:$D,3,0),IFERROR(VLOOKUP(B204,'FLOTA TERCEROS'!$A:$D,4,0)&" — "&VLOOKUP(B204,'FLOTA TERCEROS'!$A:$D,3,0),"⚠ No encontrado"))) -> → completar — MERCEDES BENZ | D204: 70 | E204: N/A | F204: Facundo Ruiz
A205: 45742 | B205: AA 932 XX | C205: =IF(B205="","",IFERROR(VLOOKUP(B205,FLOTA!$A:$D,4,0)&" — "&VLOOKUP(B205,FLOTA!$A:$D,3,0),IFERROR(VLOOKUP(B205,'FLOTA TERCEROS'!$A:$D,4,0)&" — "&VLOOKUP(B205,'FLOTA TERCEROS'!$A:$D,3,0),"⚠ No encontrado"))) -> AMAROK DC 2.0L TDI 180CV 4X4 — VOLKSWAGEN | D205: 70 | E205: N/A | F205: Lucas Calvó | G205: Personal Seguridad y P.
A206: 45742 | B206: MPR 852 | C206: =IF(B206="","",IFERROR(VLOOKUP(B206,FLOTA!$A:$D,4,0)&" — "&VLOOKUP(B206,FLOTA!$A:$D,3,0),IFERROR(VLOOKUP(B206,'FLOTA TERCEROS'!$A:$D,4,0)&" — "&VLOOKUP(B206,'FLOTA TERCEROS'!$A:$D,3,0),"⚠ No encontrado"))) -> AMAROK CD 2.0 4X4 180CV — VOLKSWAGEN | D206: 70 | E206: N/A | F206: Joel Huanuco
A207: 45742 | B207: OFB 802 | C207: =IF(B207="","",IFERROR(VLOOKUP(B207,FLOTA!$A:$D,4,0)&" — "&VLOOKUP(B207,FLOTA!$A:$D,3,0),IFERROR(VLOOKUP(B207,'FLOTA TERCEROS'!$A:$D,4,0)&" — "&VLOOKUP(B207,'FLOTA TERCEROS'!$A:$D,3,0),"⚠ No encontrado"))) -> RANGER 2 CD 4X4 XLS 3.2L — FORD | D207: 80 | E207: N/A | F207: Fabián Gonzales
A208: 45744 | B208: AC 442 VH | C208: =IF(B208="","",IFERROR(VLOOKUP(B208,FLOTA!$A:$D,4,0)&" — "&VLOOKUP(B208,FLOTA!$A:$D,3,0),IFERROR(VLOOKUP(B208,'FLOTA TERCEROS'!$A:$D,4,0)&" — "&VLOOKUP(B208,'FLOTA TERCEROS'!$A:$D,3,0),"⚠ No encontrado"))) -> AMAROK CS 2.0 140CV — VOLKSWAGEN | D208: 70 | E208: N/A | F208: Aldo Rivera
A209: 45744 | B209: AA 932 XX | C209: =IF(B209="","",IFERROR(VLOOKUP(B209,FLOTA!$A:$D,4,0)&" — "&VLOOKUP(B209,FLOTA!$A:$D,3,0),IFERROR(VLOOKUP(B209,'FLOTA TERCEROS'!$A:$D,4,0)&" — "&VLOOKUP(B209,'FLOTA TERCEROS'!$A:$D,3,0),"⚠ No encontrado"))) -> AMAROK DC 2.0L TDI 180CV 4X4 — VOLKSWAGEN | D209: 70 | E209: N/A | F209: José Diaz | G209: Personal Seguridad y P.
A210: 45744 | B210: AG 164 FA | C210: =IF(B210="","",IFERROR(VLOOKUP(B210,FLOTA!$A:$D,4,0)&" — "&VLOOKUP(B210,FLOTA!$A:$D,3,0),IFERROR(VLOOKUP(B210,'FLOTA TERCEROS'!$A:$D,4,0)&" — "&VLOOKUP(B210,'FLOTA TERCEROS'!$A:$D,3,0),"⚠ No encontrado"))) -> RANGER — FORD | D210: 80 | E210: N/A | F210: Gastón Curzi
A211: 45744 | B211: PKF 116 | C211: =IF(B211="","",IFERROR(VLOOKUP(B211,FLOTA!$A:$D,4,0)&" — "&VLOOKUP(B211,FLOTA!$A:$D,3,0),IFERROR(VLOOKUP(B211,'FLOTA TERCEROS'!$A:$D,4,0)&" — "&VLOOKUP(B211,'FLOTA TERCEROS'!$A:$D,3,0),"⚠ No encontrado"))) -> SPRINTER 515 CDIC — MERCEDES BENZ | D211: 40 | E211: N/A | F211: René Reyes
A212: 45747 | B212: AD 209 YG | C212: =IF(B212="","",IFERROR(VLOOKUP(B212,FLOTA!$A:$D,4,0)&" — "&VLOOKUP(B212,FLOTA!$A:$D,3,0),IFERROR(VLOOKUP(B212,'FLOTA TERCEROS'!$A:$D,4,0)&" — "&VLOOKUP(B212,'FLOTA TERCEROS'!$A:$D,3,0),"⚠ No encontrado"))) -> → completar — MERCEDES BENZ | D212: 75 | E212: N/A | F212: Facundo Vilte
A213: 45748 | B213: OFB 802 | C213: =IF(B213="","",IFERROR(VLOOKUP(B213,FLOTA!$A:$D,4,0)&" — "&VLOOKUP(B213,FLOTA!$A:$D,3,0),IFERROR(VLOOKUP(B213,'FLOTA TERCEROS'!$A:$D,4,0)&" — "&VLOOKUP(B213,'FLOTA TERCEROS'!$A:$D,3,0),"⚠ No encontrado"))) -> RANGER 2 CD 4X4 XLS 3.2L — FORD | D213: 75 | E213: N/A | F213: Fabián Gonzales
A214: 45748 | B214: AA 932 XX | C214: =IF(B214="","",IFERROR(VLOOKUP(B214,FLOTA!$A:$D,4,0)&" — "&VLOOKUP(B214,FLOTA!$A:$D,3,0),IFERROR(VLOOKUP(B214,'FLOTA TERCEROS'!$A:$D,4,0)&" — "&VLOOKUP(B214,'FLOTA TERCEROS'!$A:$D,3,0),"⚠ No encontrado"))) -> AMAROK DC 2.0L TDI 180CV 4X4 — VOLKSWAGEN | D214: 80 | E214: N/A | F214: Lucas Calvó | G214: Personal Seguridad y P.
A215: 45748 | B215: PKF 116 | C215: =IF(B215="","",IFERROR(VLOOKUP(B215,FLOTA!$A:$D,4,0)&" — "&VLOOKUP(B215,FLOTA!$A:$D,3,0),IFERROR(VLOOKUP(B215,'FLOTA TERCEROS'!$A:$D,4,0)&" — "&VLOOKUP(B215,'FLOTA TERCEROS'!$A:$D,3,0),"⚠ No encontrado"))) -> SPRINTER 515 CDIC — MERCEDES BENZ | D215: 75 | E215: N/A | F215: René Reyes
A216: 45749 | B216: AG 164 FB | C216: =IF(B216="","",IFERROR(VLOOKUP(B216,FLOTA!$A:$D,4,0)&" — "&VLOOKUP(B216,FLOTA!$A:$D,3,0),IFERROR(VLOOKUP(B216,'FLOTA TERCEROS'!$A:$D,4,0)&" — "&VLOOKUP(B216,'FLOTA TERCEROS'!$A:$D,3,0),"⚠ No encontrado"))) -> RANGER — FORD | D216: 65 | E216: N/A | F216: Jorge Orlandi
...

Sheet ESTADO DE FLOTA
A1: CANNAVA | ESTADO DE FLOTA Y REPARACIONES
A2: PATENTE | B2: VEHÍCULO ✦ | C2: FECHA | D2: ESTADO | E2: TIPO DE REPARACIÓN | F2: PROVEEDOR 1 | G2: PRESUPUESTO 1 ($) | H2: M.O. 1 ($) | I2: TOTAL 1 ($) ✦ | J2: PROVEEDOR 2 | K2: PRESUPUESTO 2 ($) | L2: M.O. 2 ($) | M2: TOTAL 2 ($) ✦ | N2: OBSERVACIONES GENERALES | P2: ✦ = Auto-completado, no editar
A3: GHQ 969 | B3: =IF(A3="","",IFERROR(VLOOKUP(A3,FLOTA!$A:$M,4,0)&" "&VLOOKUP(A3,FLOTA!$A:$M,3,0),"⚠ Patente no encontrada")) -> PRADO LAND CRUISER TOYOTA | C3: 46078 | D3: PENDIENTE | E3: SERVICE DE MOTOR | I3: =IF(AND(G3="",H3=""),"",IF(G3="",H3,IF(H3="",G3,H3+G3))) | M3: =IF(AND(K3="",L3=""),"",IF(L3="",K3,IF(K3="",L3,K3+L3)))
A4: GHQ 969 | B4: =IF(A4="","",IFERROR(VLOOKUP(A4,FLOTA!$A:$M,4,0)&" "&VLOOKUP(A4,FLOTA!$A:$M,3,0),"⚠ Patente no encontrada")) -> PRADO LAND CRUISER TOYOTA | C4: 46078 | D4: PENDIENTE | E4: TREN DELANTERO COMPLETO | I4: =IF(AND(G4="",H4=""),"",IF(G4="",H4,IF(H4="",G4,H4+G4))) | M4: =IF(AND(K4="",L4=""),"",IF(L4="",K4,IF(K4="",L4,K4+L4)))
A5: GHQ 969 | B5: =IF(A5="","",IFERROR(VLOOKUP(A5,FLOTA!$A:$M,4,0)&" "&VLOOKUP(A5,FLOTA!$A:$M,3,0),"⚠ Patente no encontrada")) -> PRADO LAND CRUISER TOYOTA | C5: 46078 | D5: PENDIENTE | E5: AMORTIGUADORES TRASEROS | I5: =IF(AND(G5="",H5=""),"",IF(G5="",H5,IF(H5="",G5,H5+G5))) | M5: =IF(AND(K5="",L5=""),"",IF(L5="",K5,IF(K5="",L5,K5+L5)))
A6: GHQ 969 | B6: =IF(A6="","",IFERROR(VLOOKUP(A6,FLOTA!$A:$M,4,0)&" "&VLOOKUP(A6,FLOTA!$A:$M,3,0),"⚠ Patente no encontrada")) -> PRADO LAND CRUISER TOYOTA | C6: 46078 | D6: PENDIENTE | E6: AMORTIGUADORES DELANTEROS | I6: =IF(AND(G6="",H6=""),"",IF(G6="",H6,IF(H6="",G6,H6+G6))) | M6: =IF(AND(K6="",L6=""),"",IF(L6="",K6,IF(K6="",L6,K6+L6)))
A7: GHQ 969 | B7: =IF(A7="","",IFERROR(VLOOKUP(A7,FLOTA!$A:$M,4,0)&" "&VLOOKUP(A7,FLOTA!$A:$M,3,0),"⚠ Patente no encontrada")) -> PRADO LAND CRUISER TOYOTA | C7: 46078 | D7: PENDIENTE | E7: SERVICE DE FRENOS DELANTEROS | I7: =IF(AND(G7="",H7=""),"",IF(G7="",H7,IF(H7="",G7,H7+G7))) | M7: =IF(AND(K7="",L7=""),"",IF(L7="",K7,IF(K7="",L7,K7+L7)))
A8: GHQ 969 | B8: =IF(A8="","",IFERROR(VLOOKUP(A8,FLOTA!$A:$M,4,0)&" "&VLOOKUP(A8,FLOTA!$A:$M,3,0),"⚠ Patente no encontrada")) -> PRADO LAND CRUISER TOYOTA | C8: 46078 | D8: PENDIENTE | E8: SERVICE DE FRENOS TRASEROS | I8: =IF(AND(G8="",H8=""),"",IF(G8="",H8,IF(H8="",G8,H8+G8))) | M8: =IF(AND(K8="",L8=""),"",IF(L8="",K8,IF(K8="",L8,K8+L8)))
A9: GHQ 969 | B9: =IF(A9="","",IFERROR(VLOOKUP(A9,FLOTA!$A:$M,4,0)&" "&VLOOKUP(A9,FLOTA!$A:$M,3,0),"⚠ Patente no encontrada")) -> PRADO LAND CRUISER TOYOTA | C9: 46078 | D9: PENDIENTE | E9: SERVICE DE FRENO DE MANO | I9: =IF(AND(G9="",H9=""),"",IF(G9="",H9,IF(H9="",G9,H9+G9))) | M9: =IF(AND(K9="",L9=""),"",IF(L9="",K9,IF(K9="",L9,K9+L9)))
A10: GHQ 969 | B10: =IF(A10="","",IFERROR(VLOOKUP(A10,FLOTA!$A:$M,4,0)&" "&VLOOKUP(A10,FLOTA!$A:$M,3,0),"⚠ Patente no encontrada")) -> PRADO LAND CRUISER TOYOTA | C10: 46078 | D10: PENDIENTE | E10: REPARACION DE PARAGOLPE DELANTERO | I10: =IF(AND(G10="",H10=""),"",IF(G10="",H10,IF(H10="",G10,H10+G10))) | M10: =IF(AND(K10="",L10=""),"",IF(L10="",K10,IF(K10="",L10,K10+L10)))
A11: GHQ 969 | B11: =IF(A11="","",IFERROR(VLOOKUP(A11,FLOTA!$A:$M,4,0)&" "&VLOOKUP(A11,FLOTA!$A:$M,3,0),"⚠ Patente no encontrada")) -> PRADO LAND CRUISER TOYOTA | C11: 46078 | D11: PENDIENTE | E11: REPARACION DE OPTICAS DELANTERAS | I11: =IF(AND(G11="",H11=""),"",IF(G11="",H11,IF(H11="",G11,H11+G11))) | M11: =IF(AND(K11="",L11=""),"",IF(L11="",K11,IF(K11="",L11,K11+L11)))
A12: GHQ 969 | B12: =IF(A12="","",IFERROR(VLOOKUP(A12,FLOTA!$A:$M,4,0)&" "&VLOOKUP(A12,FLOTA!$A:$M,3,0),"⚠ Patente no encontrada")) -> PRADO LAND CRUISER TOYOTA | C12: 46078 | D12: PENDIENTE | E12: CAMBIO DE ESCOBILLAS | I12: =IF(AND(G12="",H12=""),"",IF(G12="",H12,IF(H12="",G12,H12+G12)))
A13: AA 757 MH | B13: =IF(A13="","",IFERROR(VLOOKUP(A13,FLOTA!$A:$M,4,0)&" "&VLOOKUP(A13,FLOTA!$A:$M,3,0),"⚠ Patente no encontrada")) -> TORO FIAT | C13: 46078 | D13: PENDIENTE | E13: SERVICE DE MOTOR | I13: =IF(AND(G13="",H13=""),"",IF(G13="",H13,IF(H13="",G13,H13+G13))) | M13: =IF(AND(K13="",L13=""),"",IF(L13="",K13,IF(K13="",L13,K13+L13)))
A14: AA 757 MH | B14: =IF(A14="","",IFERROR(VLOOKUP(A14,FLOTA!$A:$M,4,0)&" "&VLOOKUP(A14,FLOTA!$A:$M,3,0),"⚠ Patente no encontrada")) -> TORO FIAT | C14: 46078 | D14: PENDIENTE | E14: JUNTA DE HOMOCINETICA | I14: =IF(AND(G14="",H14=""),"",IF(G14="",H14,IF(H14="",G14,H14+G14))) | M14: =IF(AND(K14="",L14=""),"",IF(L14="",K14,IF(K14="",L14,K14+L14)))
A15: AA 757 MH | B15: =IF(A15="","",IFERROR(VLOOKUP(A15,FLOTA!$A:$M,4,0)&" "&VLOOKUP(A15,FLOTA!$A:$M,3,0),"⚠ Patente no encontrada")) -> TORO FIAT | C15: 46078 | D15: HECHO | E15: LAMPARAS PRINCIPALES QUEMADAS | I15: =IF(AND(G15="",H15=""),"",IF(G15="",H15,IF(H15="",G15,H15+G15))) | M15: =IF(AND(K15="",L15=""),"",IF(L15="",K15,IF(K15="",L15,K15+L15)))
A16: AA 757 MH | B16: =IF(A16="","",IFERROR(VLOOKUP(A16,FLOTA!$A:$M,4,0)&" "&VLOOKUP(A16,FLOTA!$A:$M,3,0),"⚠ Patente no encontrada")) -> TORO FIAT | C16: 46078 | D16: PENDIENTE | E16: CAMBIO DE PARABRISA DELANTERO | I16: =IF(AND(G16="",H16=""),"",IF(G16="",H16,IF(H16="",G16,H16+G16))) | M16: =IF(AND(K16="",L16=""),"",IF(L16="",K16,IF(K16="",L16,K16+L16)))
A17: AA 757 MH | B17: =IF(A17="","",IFERROR(VLOOKUP(A17,FLOTA!$A:$M,4,0)&" "&VLOOKUP(A17,FLOTA!$A:$M,3,0),"⚠ Patente no encontrada")) -> TORO FIAT | C17: 46078 | D17: PENDIENTE | E17: TREN DELANTERO COMPLETO | I17: =IF(AND(G17="",H17=""),"",IF(G17="",H17,IF(H17="",G17,H17+G17))) | M17: =IF(AND(K17="",L17=""),"",IF(L17="",K17,IF(K17="",L17,K17+L17)))
A18: AA 757 MH | B18: =IF(A18="","",IFERROR(VLOOKUP(A18,FLOTA!$A:$M,4,0)&" "&VLOOKUP(A18,FLOTA!$A:$M,3,0),"⚠ Patente no encontrada")) -> TORO FIAT | C18: 46078 | D18: PENDIENTE | E18: CAMBIO DE ESCOBILLAS | I18: =IF(AND(G18="",H18=""),"",IF(G18="",H18,IF(H18="",G18,H18+G18))) | M18: =IF(AND(K18="",L18=""),"",IF(L18="",K18,IF(K18="",L18,K18+L18)))
A19: AA 757 MH | B19: =IF(A19="","",IFERROR(VLOOKUP(A19,FLOTA!$A:$M,4,0)&" "&VLOOKUP(A19,FLOTA!$A:$M,3,0),"⚠ Patente no encontrada")) -> TORO FIAT | C19: 46078 | D19: PENDIENTE | E19: REPARACION COMPLETA DE SISTEMA A/C | I19: =IF(AND(G19="",H19=""),"",IF(G19="",H19,IF(H19="",G19,H19+G19)))
A20: PKF 116 | B20: =IF(A20="","",IFERROR(VLOOKUP(A20,FLOTA!$A:$M,4,0)&" "&VLOOKUP(A20,FLOTA!$A:$M,3,0),"⚠ Patente no encontrada")) -> SPRINTER 515 CDIC MERCEDES BENZ | C20: 46078 | D20: PENDIENTE | E20: SERVICE DE MOTOR | I20: =IF(AND(G20="",H20=""),"",IF(G20="",H20,IF(H20="",G20,H20+G20))) | M20: =IF(AND(K20="",L20=""),"",IF(L20="",K20,IF(K20="",L20,K20+L20)))
A21: PKF 116 | B21: =IF(A21="","",IFERROR(VLOOKUP(A21,FLOTA!$A:$M,4,0)&" "&VLOOKUP(A21,FLOTA!$A:$M,3,0),"⚠ Patente no encontrada")) -> SPRINTER 515 CDIC MERCEDES BENZ | C21: 46078 | D21: PENDIENTE | E21: FUGA POR CONEXIÓN | I21: =IF(AND(G21="",H21=""),"",IF(G21="",H21,IF(H21="",G21,H21+G21))) | M21: =IF(AND(K21="",L21=""),"",IF(L21="",K21,IF(K21="",L21,K21+L21)))
A22: PKF 116 | B22: =IF(A22="","",IFERROR(VLOOKUP(A22,FLOTA!$A:$M,4,0)&" "&VLOOKUP(A22,FLOTA!$A:$M,3,0),"⚠ Patente no encontrada")) -> SPRINTER 515 CDIC MERCEDES BENZ | C22: 46078 | D22: PENDIENTE | E22: GATO HIDRAULICO | I22: =IF(AND(G22="",H22=""),"",IF(G22="",H22,IF(H22="",G22,H22+G22))) | M22: =IF(AND(K22="",L22=""),"",IF(L22="",K22,IF(K22="",L22,K22+L22)))
A23: PKF 116 | B23: =IF(A23="","",IFERROR(VLOOKUP(A23,FLOTA!$A:$M,4,0)&" "&VLOOKUP(A23,FLOTA!$A:$M,3,0),"⚠ Patente no encontrada")) -> SPRINTER 515 CDIC MERCEDES BENZ | C23: 46078 | D23: PENDIENTE | E23: LAMPARAS PRINCIPALES QUEMADAS | I23: =IF(AND(G23="",H23=""),"",IF(G23="",H23,IF(H23="",G23,H23+G23))) | M23: =IF(AND(K23="",L23=""),"",IF(L23="",K23,IF(K23="",L23,K23+L23)))
A24: PKF 116 | B24: =IF(A24="","",IFERROR(VLOOKUP(A24,FLOTA!$A:$M,4,0)&" "&VLOOKUP(A24,FLOTA!$A:$M,3,0),"⚠ Patente no encontrada")) -> SPRINTER 515 CDIC MERCEDES BENZ | C24: 46078 | D24: PENDIENTE | E24: CAMBIO DE ESCOBILLAS | I24: =IF(AND(G24="",H24=""),"",IF(G24="",H24,IF(H24="",G24,H24+G24))) | M24: =IF(AND(K24="",L24=""),"",IF(L24="",K24,IF(K24="",L24,K24+L24)))
A25: AD 755 DX | B25: =IF(A25="","",IFERROR(VLOOKUP(A25,FLOTA!$A:$M,4,0)&" "&VLOOKUP(A25,FLOTA!$A:$M,3,0),"⚠ Patente no encontrada")) -> SPRINTER 515 CDIC MERCEDES BENZ | C25: 46078 | D25: PENDIENTE | E25: TREN DELANTERO COMPLETO | I25: =IF(AND(G25="",H25=""),"",IF(G25="",H25,IF(H25="",G25,H25+G25))) | M25: =IF(AND(K25="",L25=""),"",IF(L25="",K25,IF(K25="",L25,K25+L25)))
A26: AD 755 DX | B26: =IF(A26="","",IFERROR(VLOOKUP(A26,FLOTA!$A:$M,4,0)&" "&VLOOKUP(A26,FLOTA!$A:$M,3,0),"⚠ Patente no encontrada")) -> SPRINTER 515 CDIC MERCEDES BENZ | C26: 46078 | D26: PENDIENTE | E26: TREN TRASERO COMPLETO | I26: =IF(AND(G26="",H26=""),"",IF(G26="",H26,IF(H26="",G26,H26+G26))) | M26: =IF(AND(K26="",L26=""),"",IF(L26="",K26,IF(K26="",L26,K26+L26)))
A27: AD 755 DX | B27: =IF(A27="","",IFERROR(VLOOKUP(A27,FLOTA!$A:$M,4,0)&" "&VLOOKUP(A27,FLOTA!$A:$M,3,0),"⚠ Patente no encontrada")) -> SPRINTER 515 CDIC MERCEDES BENZ | C27: 46078 | D27: PENDIENTE | E27: LAMPARAS PRINCIPALES QUEMADAS | I27: =IF(AND(G27="",H27=""),"",IF(G27="",H27,IF(H27="",G27,H27+G27))) | M27: =IF(AND(K27="",L27=""),"",IF(L27="",K27,IF(K27="",L27,K27+L27)))
A28: AD 755 DX | B28: =IF(A28="","",IFERROR(VLOOKUP(A28,FLOTA!$A:$M,4,0)&" "&VLOOKUP(A28,FLOTA!$A:$M,3,0),"⚠ Patente no encontrada")) -> SPRINTER 515 CDIC MERCEDES BENZ | C28: 46078 | D28: PENDIENTE | E28: GATO HIDRAULICO | I28: =IF(AND(G28="",H28=""),"",IF(G28="",H28,IF(H28="",G28,H28+G28))) | M28: =IF(AND(K28="",L28=""),"",IF(L28="",K28,IF(K28="",L28,K28+L28)))
A29: AD 755 DX | B29: =IF(A29="","",IFERROR(VLOOKUP(A29,FLOTA!$A:$M,4,0)&" "&VLOOKUP(A29,FLOTA!$A:$M,3,0),"⚠ Patente no encontrada")) -> SPRINTER 515 CDIC MERCEDES BENZ | C29: 46078 | D29: PENDIENTE | E29: LLAVE DE AUXILIO | I29: =IF(AND(G29="",H29=""),"",IF(G29="",H29,IF(H29="",G29,H29+G29))) | M29: =IF(AND(K29="",L29=""),"",IF(L29="",K29,IF(K29="",L29,K29+L29)))
A30: AD 755 DX | B30: =IF(A30="","",IFERROR(VLOOKUP(A30,FLOTA!$A:$M,4,0)&" "&VLOOKUP(A30,FLOTA!$A:$M,3,0),"⚠ Patente no encontrada")) -> SPRINTER 515 CDIC MERCEDES BENZ | C30: 46078 | D30: PENDIENTE | E30: SENSOR DE RECIPIENTE DE LIQUIDO REFRIGERANTE | I30: =IF(AND(G30="",H30=""),"",IF(G30="",H30,IF(H30="",G30,H30+G30))) | M30: =IF(AND(K30="",L30=""),"",IF(L30="",K30,IF(K30="",L30,K30+L30)))
A31: AD 755 DX | B31: =IF(A31="","",IFERROR(VLOOKUP(A31,FLOTA!$A:$M,4,0)&" "&VLOOKUP(A31,FLOTA!$A:$M,3,0),"⚠ Patente no encontrada")) -> SPRINTER 515 CDIC MERCEDES BENZ | C31: 46078 | D31: PENDIENTE | E31: CAMBIO DE ESCOBILLAS | I31: =IF(AND(G31="",H31=""),"",IF(G31="",H31,IF(H31="",G31,H31+G31))) | M31: =IF(AND(K31="",L31=""),"",IF(L31="",K31,IF(K31="",L31,K31+L31)))
... A41: AA 757 OT | B41: =IF(A41="","",IFERROR(VLOOKUP(A41,FLOTA!$A:$M,4,0)&" "&VLOOKUP(A41,FLOTA!$A:$M,3,0),"⚠ Patente no encontrada")) -> HILUX 4X2 CD SRV 3.0 TOYOTA | C41: 46078 | D41: PENDIENTE | E41: CAMBIO DE OPTICAS DELANTERAS | I41: =IF(AND(G41="",H41=""),"",IF(G41="",H41,IF(H41="",G41,H41+G41))) | M41: =IF(AND(K41="",L41=""),"",IF(L41="",K41,IF(K41="",L41,K41+L41)))
A42: AA 757 OT | B42: =IF(A42="","",IFERROR(VLOOKUP(A42,FLOTA!$A:$M,4,0)&" "&VLOOKUP(A42,FLOTA!$A:$M,3,0),"⚠ Patente no encontrada")) -> HILUX 4X2 CD SRV 3.0 TOYOTA | C42: 46078 | D42: PENDIENTE | E42: CAMBIO DE ESCOBILLAS | I42: =IF(AND(G42="",H42=""),"",IF(G42="",H42,IF(H42="",G42,H42+G42)))
A43: MPR 852 | B43: =IF(A43="","",IFERROR(VLOOKUP(A43,FLOTA!$A:$M,4,0)&" "&VLOOKUP(A43,FLOTA!$A:$M,3,0),"⚠ Patente no encontrada")) -> AMAROK CD 2.0 4X4 180CV VOLKSWAGEN | C43: 46078 | D43: PENDIENTE | E43: CORREA POLI V KIT COMPLETO CON TENSOR | I43: =IF(AND(G43="",H43=""),"",IF(G43="",H43,IF(H43="",G43,H43+G43))) | M43: =IF(AND(K43="",L43=""),"",IF(L43="",K43,IF(K43="",L43,K43+L43)))
A44: MPR 852 | B44: =IF(A44="","",IFERROR(VLOOKUP(A44,FLOTA!$A:$M,4,0)&" "&VLOOKUP(A44,FLOTA!$A:$M,3,0),"⚠ Patente no encontrada")) -> AMAROK CD 2.0 4X4 180CV VOLKSWAGEN | C44: 46078 | D44: PENDIENTE | E44: REPARACION COMPLETA DE MOTOR | I44: =IF(AND(G44="",H44=""),"",IF(G44="",H44,IF(H44="",G44,H44+G44))) | M44: =IF(AND(K44="",L44=""),"",IF(L44="",K44,IF(K44="",L44,K44+L44)))
A45: MPR 852 | B45: =IF(A45="","",IFERROR(VLOOKUP(A45,FLOTA!$A:$M,4,0)&" "&VLOOKUP(A45,FLOTA!$A:$M,3,0),"⚠ Patente no encontrada")) -> AMAROK CD 2.0 4X4 180CV VOLKSWAGEN | C45: 46078 | D45: PENDIENTE | E45: PARABRISA DELANTERO | I45: =IF(AND(G45="",H45=""),"",IF(G45="",H45,IF(H45="",G45,H45+G45))) | M45: =IF(AND(K45="",L45=""),"",IF(L45="",K45,IF(K45="",L45,K45+L45)))
A46: MPR 852 | B46: =IF(A46="","",IFERROR(VLOOKUP(A46,FLOTA!$A:$M,4,0)&" "&VLOOKUP(A46,FLOTA!$A:$M,3,0),"⚠ Patente no encontrada")) -> AMAROK CD 2.0 4X4 180CV VOLKSWAGEN | C46: 46078 | D46: PENDIENTE | E46: SERVICE DE MOTOR | I46: =IF(AND(G46="",H46=""),"",IF(G46="",H46,IF(H46="",G46,H46+G46))) | M46: =IF(AND(K46="",L46=""),"",IF(L46="",K46,IF(K46="",L46,K46+L46)))
A47: MPR 852 | B47: =IF(A47="","",IFERROR(VLOOKUP(A47,FLOTA!$A:$M,4,0)&" "&VLOOKUP(A47,FLOTA!$A:$M,3,0),"⚠ Patente no encontrada")) -> AMAROK CD 2.0 4X4 180CV VOLKSWAGEN | C47: 46078 | D47: PENDIENTE | E47: REPARACION COMPLETA DE SISTEMA A/C | I47: =IF(AND(G47="",H47=""),"",IF(G47="",H47,IF(H47="",G47,H47+G47))) | M47: =IF(AND(K47="",L47=""),"",IF(L47="",K47,IF(K47="",L47,K47+L47)))
A48: MPR 852 | B48: =IF(A48="","",IFERROR(VLOOKUP(A48,FLOTA!$A:$M,4,0)&" "&VLOOKUP(A48,FLOTA!$A:$M,3,0),"⚠ Patente no encontrada")) -> AMAROK CD 2.0 4X4 180CV VOLKSWAGEN | C48: 46078 | D48: PENDIENTE | E48: RODAMIENTOS DE RUEDAS DELANTERAS | I48: =IF(AND(G48="",H48=""),"",IF(G48="",H48,IF(H48="",G48,H48+G48))) | M48: =IF(AND(K48="",L48=""),"",IF(L48="",K48,IF(K48="",L48,K48+L48)))
A49: MPR 852 | B49: =IF(A49="","",IFERROR(VLOOKUP(A49,FLOTA!$A:$M,4,0)&" "&VLOOKUP(A49,FLOTA!$A:$M,3,0),"⚠ Patente no encontrada")) -> AMAROK CD 2.0 4X4 180CV VOLKSWAGEN | C49: 46078 | D49: PENDIENTE | E49: CAMBIO DE ESCOBILLAS | I49: =IF(AND(G49="",H49=""),"",IF(G49="",H49,IF(H49="",G49,H49+G49))) | M49: =IF(AND(K49="",L49=""),"",IF(L49="",K49,IF(K49="",L49,K49+L49)))
A50: AC 442 VH | B50: =IF(A50="","",IFERROR(VLOOKUP(A50,FLOTA!$A:$M,4,0)&" "&VLOOKUP(A50,FLOTA!$A:$M,3,0),"⚠ Patente no encontrada")) -> AMAROK CS 2.0 140CV VOLKSWAGEN | C50: 46078 | D50: PENDIENTE | E50: SERVICE DE MOTOR | I50: =IF(AND(G50="",H50=""),"",IF(G50="",H50,IF(H50="",G50,H50+G50))) | M50: =IF(AND(K50="",L50=""),"",IF(L50="",K50,IF(K50="",L50,K50+L50)))
A51: AC 442 VH | B51: =IF(A51="","",IFERROR(VLOOKUP(A51,FLOTA!$A:$M,4,0)&" "&VLOOKUP(A51,FLOTA!$A:$M,3,0),"⚠ Patente no encontrada")) -> AMAROK CS 2.0 140CV VOLKSWAGEN | C51: 46078 | D51: HECHO | E51: RODAMIENTO DELANTERO DERECHO | I51: =IF(AND(G51="",H51=""),"",IF(G51="",H51,IF(H51="",G51,H51+G51))) | M51: =IF(AND(K51="",L51=""),"",IF(L51="",K51,IF(K51="",L51,K51+L51)))
A52: AC 442 VH | B52: =IF(A52="","",IFERROR(VLOOKUP(A52,FLOTA!$A:$M,4,0)&" "&VLOOKUP(A52,FLOTA!$A:$M,3,0),"⚠ Patente no encontrada")) -> AMAROK CS 2.0 140CV VOLKSWAGEN | C52: 46078 | D52: HECHO | E52: FALLA EN MOTOR POR VALVULAS | I52: =IF(AND(G52="",H52=""),"",IF(G52="",H52,IF(H52="",G52,H52+G52))) | M52: =IF(AND(K52="",L52=""),"",IF(L52="",K52,IF(K52="",L52,K52+L52)))
A53: AC 442 VH | B53: =IF(A53="","",IFERROR(VLOOKUP(A53,FLOTA!$A:$M,4,0)&" "&VLOOKUP(A53,FLOTA!$A:$M,3,0),"⚠ Patente no encontrada")) -> AMAROK CS 2.0 140CV VOLKSWAGEN | C53: 46078 | D53: HECHO | E53: LAMPARAS PRINCIPALES QUEMADAS | I53: =IF(AND(G53="",H53=""),"",IF(G53="",H53,IF(H53="",G53,H53+G53))) | M53: =IF(AND(K53="",L53=""),"",IF(L53="",K53,IF(K53="",L53,K53+L53)))
A54: AC 442 VH | B54: =IF(A54="","",IFERROR(VLOOKUP(A54,FLOTA!$A:$M,4,0)&" "&VLOOKUP(A54,FLOTA!$A:$M,3,0),"⚠ Patente no encontrada")) -> AMAROK CS 2.0 140CV VOLKSWAGEN | C54: 46078 | D54: PENDIENTE | E54: CAMBIO DE ESCOBILLAS | I54: =IF(AND(G54="",H54=""),"",IF(G54="",H54,IF(H54="",G54,H54+G54))) | M54: =IF(AND(K54="",L54=""),"",IF(L54="",K54,IF(K54="",L54,K54+L54)))
A55: AA 932 XX | B55: =IF(A55="","",IFERROR(VLOOKUP(A55,FLOTA!$A:$M,4,0)&" "&VLOOKUP(A55,FLOTA!$A:$M,3,0),"⚠ Patente no encontrada")) -> AMAROK DC 2.0L TDI 180CV 4X4 VOLKSWAGEN | C55: 46078 | D55: PENDIENTE | E55: SERVICE DE MOTOR | F55: JiSPORT | G55: 545185 | H55: 290000 | I55: =IF(AND(G55="",H55=""),"",IF(G55="",H55,IF(H55="",G55,H55+G55))) -> 835185 | M55: =IF(AND(K55="",L55=""),"",IF(L55="",K55,IF(K55="",L55,K55+L55)))
A56: AA 932 XX | B56: =IF(A56="","",IFERROR(VLOOKUP(A56,FLOTA!$A:$M,4,0)&" "&VLOOKUP(A56,FLOTA!$A:$M,3,0),"⚠ Patente no encontrada")) -> AMAROK DC 2.0L TDI 180CV 4X4 VOLKSWAGEN | C56: 46078 | D56: PENDIENTE | E56: TREN DELANTERO COMPLETO | F56: JiSPORT | G56: 1656371 | H56: 290000 | I56: =IF(AND(G56="",H56=""),"",IF(G56="",H56,IF(H56="",G56,H56+G56))) -> 1946371 | M56: =IF(AND(K56="",L56=""),"",IF(L56="",K56,IF(K56="",L56,K56+L56)))
A57: AA 932 XX | B57: =IF(A57="","",IFERROR(VLOOKUP(A57,FLOTA!$A:$M,4,0)&" "&VLOOKUP(A57,FLOTA!$A:$M,3,0),"⚠ Patente no encontrada")) -> AMAROK DC 2.0L TDI 180CV 4X4 VOLKSWAGEN | C57: 46078 | D57: PENDIENTE | E57: AMORTIGUADORES DELANTEROS | F57: JiSPORT | G57: 331864 | H57: 290000 | I57: =IF(AND(G57="",H57=""),"",IF(G57="",H57,IF(H57="",G57,H57+G57))) -> 621864 | M57: =IF(AND(K57="",L57=""),"",IF(L57="",K57,IF(K57="",L57,K57+L57)))
A58: AA 932 XX | B58: =IF(A58="","",IFERROR(VLOOKUP(A58,FLOTA!$A:$M,4,0)&" "&VLOOKUP(A58,FLOTA!$A:$M,3,0),"⚠ Patente no encontrada")) -> AMAROK DC 2.0L TDI 180CV 4X4 VOLKSWAGEN | C58: 46078 | D58: PENDIENTE | E58: AMORTIGUADORES TRASEROS | F58: JiSPORT | G58: 331864 | H58: 290000 | I58: =IF(AND(G58="",H58=""),"",IF(G58="",H58,IF(H58="",G58,H58+G58))) -> 621864 | M58: =IF(AND(K58="",L58=""),"",IF(L58="",K58,IF(K58="",L58,K58+L58)))
A59: AA 932 XX | B59: =IF(A59="","",IFERROR(VLOOKUP(A59,FLOTA!$A:$M,4,0)&" "&VLOOKUP(A59,FLOTA!$A:$M,3,0),"⚠ Patente no encontrada")) -> AMAROK DC 2.0L TDI 180CV 4X4 VOLKSWAGEN | C59: 46078 | D59: PENDIENTE | E59: REPARACION DE BUJES DE DIRECCION | F59: JiSPORT | G59: 52893 | H59: 290000 | I59: =IF(AND(G59="",H59=""),"",IF(G59="",H59,IF(H59="",G59,H59+G59))) -> 342893 | M59: =IF(AND(K59="",L59=""),"",IF(L59="",K59,IF(K59="",L59,K59+L59)))
A60: AA 932 XX | B60: =IF(A60="","",IFERROR(VLOOKUP(A60,FLOTA!$A:$M,4,0)&" "&VLOOKUP(A60,FLOTA!$A:$M,3,0),"⚠ Patente no encontrada")) -> AMAROK DC 2.0L TDI 180CV 4X4 VOLKSWAGEN | C60: 46078 | D60: PENDIENTE | E60: PARABRISA DELANTERO | I60: =IF(AND(G60="",H60=""),"",IF(G60="",H60,IF(H60="",G60,H60+G60))) | M60: =IF(AND(K60="",L60=""),"",IF(L60="",K60,IF(K60="",L60,K60+L60)))
A61: AA 932 XX | B61: =IF(A61="","",IFERROR(VLOOKUP(A61,FLOTA!$A:$M,4,0)&" "&VLOOKUP(A61,FLOTA!$A:$M,3,0),"⚠ Patente no encontrada")) -> AMAROK DC 2.0L TDI 180CV 4X4 VOLKSWAGEN | C61: 46078 | D61: PENDIENTE | E61: CAMBIO DE ESCOBILLAS | I61: =IF(AND(G61="",H61=""),"",IF(G61="",H61,IF(H61="",G61,H61+G61))) | M61: =IF(AND(K61="",L61=""),"",IF(L61="",K61,IF(K61="",L61,K61+L61)))
A62: AA 757 OT | B62: =IF(A62="","",IFERROR(VLOOKUP(A62,FLOTA!$A:$M,4,0)&" "&VLOOKUP(A62,FLOTA!$A:$M,3,0),"⚠ Patente no encontrada")) -> HILUX 4X2 CD SRV 3.0 TOYOTA | C62: 46080 | D62: HECHO | E62: SERVICE/REPARACION DE ARRANQUE | I62: =IF(AND(G62="",H62=""),"",IF(G62="",H62,IF(H62="",G62,H62+G62))) | M62: =IF(AND(K62="",L62=""),"",IF(L62="",K62,IF(K62="",L62,K62+L62)))
A63: AA 757 OT | B63: =IF(A63="","",IFERROR(VLOOKUP(A63,FLOTA!$A:$M,4,0)&" "&VLOOKUP(A63,FLOTA!$A:$M,3,0),"⚠ Patente no encontrada")) -> HILUX 4X2 CD SRV 3.0 TOYOTA | C63: 46080 | D63: PENDIENTE | E63: COPIA DE LLAVE | I63: =IF(AND(G63="",H63=""),"",IF(G63="",H63,IF(H63="",G63,H63+G63))) | M63: =IF(AND(K63="",L63=""),"",IF(L63="",K63,IF(K63="",L63,K63+L63)))
A64: AA 757 OT | B64: =IF(A64="","",IFERROR(VLOOKUP(A64,FLOTA!$A:$M,4,0)&" "&VLOOKUP(A64,FLOTA!$A:$M,3,0),"⚠ Patente no encontrada")) -> HILUX 4X2 CD SRV 3.0 TOYOTA | C64: 46080 | D64: PENDIENTE | E64: LLANTA DE AUXILIO | I64: =IF(AND(G64="",H64=""),"",IF(G64="",H64,IF(H64="",G64,H64+G64))) | M64: =IF(AND(K64="",L64=""),"",IF(L64="",K64,IF(K64="",L64,K64+L64)))
A65: AA 757 OT | B65: =IF(A65="","",IFERROR(VLOOKUP(A65,FLOTA!$A:$M,4,0)&" "&VLOOKUP(A65,FLOTA!$A:$M,3,0),"⚠ Patente no encontrada")) -> HILUX 4X2 CD SRV 3.0 TOYOTA | C65: 46080 | D65: PENDIENTE | E65: GATO HIDRAULICO + LLAVE PARA SUBIR Y BAJAR RUEDA | I65: =IF(AND(G65="",H65=""),"",IF(G65="",H65,IF(H65="",G65,H65+G65))) | M65: =IF(AND(K65="",L65=""),"",IF(L65="",K65,IF(K65="",L65,K65+L65)))
A66: MPR 852 | B66: =IF(A66="","",IFERROR(VLOOKUP(A66,FLOTA!$A:$M,4,0)&" "&VLOOKUP(A66,FLOTA!$A:$M,3,0),"⚠ Patente no encontrada")) -> AMAROK CD 2.0 4X4 180CV VOLKSWAGEN | C66: 46080 | D66: PENDIENTE | E66: GATO HIDRAULICO | I66: =IF(AND(G66="",H66=""),"",IF(G66="",H66,IF(H66="",G66,H66+G66))) | M66: =IF(AND(K66="",L66=""),"",IF(L66="",K66,IF(K66="",L66,K66+L66)))
A67: AC 442 VH | B67: =IF(A67="","",IFERROR(VLOOKUP(A67,FLOTA!$A:$M,4,0)&" "&VLOOKUP(A67,FLOTA!$A:$M,3,0),"⚠ Patente no encontrada")) -> AMAROK CS 2.0 140CV VOLKSWAGEN | C67: 46083 | D67: HECHO | E67: 2 FOCOS H7 | F67: JiSPORT | G67: 10000 | I67: =IF(AND(G67="",H67=""),"",IF(G67="",H67,IF(H67="",G67,H67+G67))) -> 10000 | M67: =IF(AND(K67="",L67=""),"",IF(L67="",K67,IF(K67="",L67,K67+L67)))
A68: AC 442 VH | B68: =IF(A68="","",IFERROR(VLOOKUP(A68,FLOTA!$A:$M,4,0)&" "&VLOOKUP(A68,FLOTA!$A:$M,3,0),"⚠ Patente no encontrada")) -> AMAROK CS 2.0 140CV VOLKSWAGEN | C68: 46083 | D68: HECHO | E68: RULEMAN DELANTERO DERECHO | F68: JiSPORT | G68: 370000 | I68: =IF(AND(G68="",H68=""),"",IF(G68="",H68,IF(H68="",G68,H68+G68))) -> 370000 | M68: =IF(AND(K68="",L68=""),"",IF(L68="",K68,IF(K68="",L68,K68+L68)))
A69: AC 442 VH | B69: =IF(A69="","",IFERROR(VLOOKUP(A69,FLOTA!$A:$M,4,0)&" "&VLOOKUP(A69,FLOTA!$A:$M,3,0),"⚠ Patente no encontrada")) -> AMAROK CS 2.0 140CV VOLKSWAGEN | C69: 46083 | D69: PENDIENTE | E69: SENSORES DE RUEDA DELANTERA | F69: JiSPORT | G69: 72300 | I69: =IF(AND(G69="",H69=""),"",IF(G69="",H69,IF(H69="",G69,H69+G69))) -> 72300 | M69: =IF(AND(K69="",L69=""),"",IF(L69="",K69,IF(K69="",L69,K69+L69)))
A70: AC 442 VH | B70: =IF(A70="","",IFERROR(VLOOKUP(A70,FLOTA!$A:$M,4,0)&" "&VLOOKUP(A70,FLOTA!$A:$M,3,0),"⚠ Patente no encontrada")) -> AMAROK CS 2.0 140CV VOLKSWAGEN | C70: 46083 | D70: PENDIENTE | E70: VÁLVULA REGULADORA DE PRESION | F70: JiSPORT | G70: 319900 | I70: =IF(AND(G70="",H70=""),"",IF(G70="",H70,IF(H70="",G70,H70+G70))) -> 319900 | M70: =IF(AND(K70="",L70=""),"",IF(L70="",K70,IF(K70="",L70,K70+L70)))
A71: AC 442 VH | B71: =IF(A71="","",IFERROR(VLOOKUP(A71,FLOTA!$A:$M,4,0)&" "&VLOOKUP(A71,FLOTA!$A:$M,3,0),"⚠ Patente no encontrada")) -> AMAROK CS 2.0 140CV VOLKSWAGEN | C71: 46083 | D71: PENDIENTE | E71: VÁLVULA REGULADORA DE CAUDAL | F71: JiSPORT | G71: 259771 | I71: =IF(AND(G71="",H71=""),"",IF(G71="",H71,IF(H71="",G71,H71+G71))) -> 259771 | M71: =IF(AND(K71="",L71=""),"",IF(L71="",K71,IF(K71="",L71,K71+L71)))
A72: AC 442 VH | B72: =IF(A72="","",IFERROR(VLOOKUP(A72,FLOTA!$A:$M,4,0)&" "&VLOOKUP(A72,FLOTA!$A:$M,3,0),"⚠ Patente no encontrada")) -> AMAROK CS 2.0 140CV VOLKSWAGEN | C72: 46083 | D72: PENDIENTE | E72: SENSOR DE PRESION | F72: JiSPORT | G72: 106000 | I72: =IF(AND(G72="",H72=""),"",IF(G72="",H72,IF(H72="",G72,H72+G72))) -> 106000 | M72: =IF(AND(K72="",L72=""),"",IF(L72="",K72,IF(K72="",L72,K72+L72)))
A73: AC 442 VH | B73: =IF(A73="","",IFERROR(VLOOKUP(A73,FLOTA!$A:$M,4,0)&" "&VLOOKUP(A73,FLOTA!$A:$M,3,0),"⚠ Patente no encontrada")) -> AMAROK CS 2.0 140CV VOLKSWAGEN | C73: 46083 | D73: PENDIENTE | E73: KIT DE FILTROS COMPLETOS | F73: JiSPORT | G73: 287185 | I73: =IF(AND(G73="",H73=""),"",IF(G73="",H73,IF(H73="",G73,H73+G73))) -> 287185 | M73: =IF(AND(K73="",L73=""),"",IF(L73="",K73,IF(K73="",L73,K73+L73)))
A74: AC 442 VH | B74: =IF(A74="","",IFERROR(VLOOKUP(A74,FLOTA!$A:$M,4,0)&" "&VLOOKUP(A74,FLOTA!$A:$M,3,0),"⚠ Patente no encontrada")) -> AMAROK CS 2.0 140CV VOLKSWAGEN | C74: 46083 | D74: PENDIENTE | E74: 8 Lt ACEITE SINTÉTICO | F74: JiSPORT | G74: 258000 | I74: =IF(AND(G74="",H74=""),"",IF(G74="",H74,IF(H74="",G74,H74+G74))) -> 258000 | M74: =IF(AND(K74="",L74=""),"",IF(L74="",K74,IF(K74="",L74,K74+L74)))
A75: AC 442 VH | B75: =IF(A75="","",IFERROR(VLOOKUP(A75,FLOTA!$A:$M,4,0)&" "&VLOOKUP(A75,FLOTA!$A:$M,3,0),"⚠ Patente no encontrada")) -> AMAROK CS 2.0 140CV VOLKSWAGEN | C75: 46083 | D75: HECHO | E75: MANO DE OBRA GENERAL | F75: JiSPORT | H75: 690000 | I75: =IF(AND(G75="",H75=""),"",IF(G75="",H75,IF(H75="",G75,H75+G75))) -> 690000 | M75: =IF(AND(K75="",L75=""),"",IF(L75="",K75,IF(K75="",L75,K75+L75)))
A76: AA 757 MH | B76: =IF(A76="","",IFERROR(VLOOKUP(A76,FLOTA!$A:$M,4,0)&" "&VLOOKUP(A76,FLOTA!$A:$M,3,0),"⚠ Patente no encontrada")) -> TORO FIAT | C76: 46090 | D76: EN PROCESO | E76: CONJUNTO CENTRAL TURBO | F76: JiSPORT | G76: 520000 | I76: =IF(AND(G76="",H76=""),"",IF(G76="",H76,IF(H76="",G76,H76+G76))) -> 520000 | M76: =IF(AND(K76="",L76=""),"",IF(L76="",K76,IF(K76="",L76,K76+L76)))
A77: AA 757 MH | B77: =IF(A77="","",IFERROR(VLOOKUP(A77,FLOTA!$A:$M,4,0)&" "&VLOOKUP(A77,FLOTA!$A:$M,3,0),"⚠ Patente no encontrada")) -> TORO FIAT | C77: 46090 | D77: EN PROCESO | E77: KIT JUNTAS DESCARBONIZANTE Y ADMISIÓN | F77: JiSPORT | G77: 218000 | I77: =IF(AND(G77="",H77=""),"",IF(G77="",H77,IF(H77="",G77,H77+G77))) -> 218000 | M77: =IF(AND(K77="",L77=""),"",IF(L77="",K77,IF(K77="",L77,K77+L77)))
A78: AA 757 MH | B78: =IF(A78="","",IFERROR(VLOOKUP(A78,FLOTA!$A:$M,4,0)&" "&VLOOKUP(A78,FLOTA!$A:$M,3,0),"⚠ Patente no encontrada")) -> TORO FIAT | C78: 46090 | D78: PENDIENTE | E78: KIT FILTROS COMPLETOS | F78: JiSPORT | G78: 215000 | I78: =IF(AND(G78="",H78=""),"",IF(G78="",H78,IF(H78="",G78,H78+G78))) -> 215000 | M78: =IF(AND(K78="",L78=""),"",IF(L78="",K78,IF(K78="",L78,K78+L78)))
A79: AA 757 MH | B79: =IF(A79="","",IFERROR(VLOOKUP(A79,FLOTA!$A:$M,4,0)&" "&VLOOKUP(A79,FLOTA!$A:$M,3,0),"⚠ Patente no encontrada")) -> TORO FIAT | C79: 46090 | D79: PENDIENTE | E79: 8 Lt ACEITE SINTÉTICO | F79: JiSPORT | G79: 190200 | I79: =IF(AND(G79="",H79=""),"",IF(G79="",H79,IF(H79="",G79,H79+G79))) -> 190200 | M79: =IF(AND(K79="",L79=""),"",IF(L79="",K79,IF(K79="",L79,K79+L79)))
A80: AA 757 MH | B80: =IF(A80="","",IFERROR(VLOOKUP(A80,FLOTA!$A:$M,4,0)&" "&VLOOKUP(A80,FLOTA!$A:$M,3,0),"⚠ Patente no encontrada")) -> TORO FIAT | C80: 46090 | D80: EN PROCESO | E80: HOMOCINÉTICA IZQUIERDA Y DERECHA | F80: JiSPORT | G80: 689400 | I80: =IF(AND(G80="",H80=""),"",IF(G80="",H80,IF(H80="",G80,H80+G80))) -> 689400 | M80: =IF(AND(K80="",L80=""),"",IF(L80="",K80,IF(K80="",L80,K80+L80)))
A81: AA 757 MH | B81: =IF(A81="","",IFERROR(VLOOKUP(A81,FLOTA!$A:$M,4,0)&" "&VLOOKUP(A81,FLOTA!$A:$M,3,0),"⚠ Patente no encontrada")) -> TORO FIAT | C81: 46090 | D81: HECHO | E81: MANO DE OBRA GENERAL | F81: JiSPORT | H81: 1380000 | I81: =IF(AND(G81="",H81=""),"",IF(G81="",H81,IF(H81="",G81,H81+G81))) -> 1380000 | M81: =IF(AND(K81="",L81=""),"",IF(L81="",K81,IF(K81="",L81,K81+L81)))
A82: AA 757 OT | B82: =IF(A82="","",IFERROR(VLOOKUP(A82,FLOTA!$A:$M,4,0)&" "&VLOOKUP(A82,FLOTA!$A:$M,3,0),"⚠ Patente no encontrada")) -> HILUX 4X2 CD SRV 3.0 TOYOTA | C82: 46097 | D82: HECHO | E82: SERVI Y REPARACION DE MOTOR DE ARRANQUE | I82: =IF(AND(G82="",H82=""),"",IF(G82="",H82,IF(H82="",G82,H82+G82))) | M82: =IF(AND(K82="",L82=""),"",IF(L82="",K82,IF(K82="",L82,K82+L82)))
A83: AA 757 OT | B83: =IF(A83="","",IFERROR(VLOOKUP(A83,FLOTA!$A:$M,4,0)&" "&VLOOKUP(A83,FLOTA!$A:$M,3,0),"⚠ Patente no encontrada")) -> HILUX 4X2 CD SRV 3.0 TOYOTA | C83: 46097 | D83: HECHO | E83: REPARACION DE ALTERNADOR | I83: =IF(AND(G83="",H83=""),"",IF(G83="",H83,IF(H83="",G83,H83+G83))) | M83: =IF(AND(K83="",L83=""),"",IF(L83="",K83,IF(K83="",L83,K83+L83)))
A84: MPR 852 | B84: =IF(A84="","",IFERROR(VLOOKUP(A84,FLOTA!$A:$M,4,0)&" "&VLOOKUP(A84,FLOTA!$A:$M,3,0),"⚠ Patente no encontrada")) -> AMAROK CD 2.0 4X4 180CV VOLKSWAGEN | C84: 46097 | D84: HECHO | E84: REPARCION DEL ALTERNADOR | F84: JiSPORT | I84: =IF(AND(G84="",H84=""),"",IF(G84="",H84,IF(H84="",G84,H84+G84))) | M84: =IF(AND(K84="",L84=""),"",IF(L84="",K84,IF(K84="",L84,K84+L84)))
I85: =IF(AND(G85="",H85=""),"",IF(G85="",H85,IF(H85="",G85,H85+G85))) | M85: =IF(AND(K85="",L85=""),"",IF(L85="",K85,IF(K85="",L85,K85+L85)))
I86: =IF(AND(G86="",H86=""),"",IF(G86="",H86,IF(H86="",G86,H86+G86))) | M86: =IF(AND(K86="",L86=""),"",IF(L86="",K86,IF(K86="",L86,K86+L86)))
I87: =IF(AND(G87="",H87=""),"",IF(G87="",H87,IF(H87="",G87,H87+G87))) | M87: =IF(AND(K87="",L87=""),"",IF(L87="",K87,IF(K87="",L87,K87+L87)))
I88: =IF(AND(G88="",H88=""),"",IF(G88="",H88,IF(H88="",G88,H88+G88))) | M88: =IF(AND(K88="",L88=""),"",IF(L88="",K88,IF(K88="",L88,K88+L88)))
I89: =IF(AND(G89="",H89=""),"",IF(G89="",H89,IF(H89="",G89,H89+G89))) | M89: =IF(AND(K89="",L89=""),"",IF(L89="",K89,IF(K89="",L89,K89+L89)))
I90: =IF(AND(G90="",H90=""),"",IF(G90="",H90,IF(H90="",G90,H90+G90))) | M90: =IF(AND(K90="",L90=""),"",IF(L90="",K90,IF(K90="",L90,K90+L90)))
I91: =IF(AND(G91="",H91=""),"",IF(G91="",H91,IF(H91="",G91,H91+G91))) | M91: =IF(AND(K91="",L91=""),"",IF(L91="",K91,IF(K91="",L91,K91+L91)))
I92: =IF(AND(G92="",H92=""),"",IF(G92="",H92,IF(H92="",G92,H92+G92))) | M92: =IF(AND(K92="",L92=""),"",IF(L92="",K92,IF(K92="",L92,K92+L92)))
I93: =IF(AND(G93="",H93=""),"",IF(G93="",H93,IF(H93="",G93,H93+G93))) | M93: =IF(AND(K93="",L93=""),"",IF(L93="",K93,IF(K93="",L93,K93+L93)))
I94: =IF(AND(G94="",H94=""),"",IF(G94="",H94,IF(H94="",G94,H94+G94))) | M94: =IF(AND(K94="",L94=""),"",IF(L94="",K94,IF(K94="",L94,K94+L94)))
I95: =IF(AND(G95="",H95=""),"",IF(G95="",H95,IF(H95="",G95,H95+G95))) | M95: =IF(AND(K95="",L95=""),"",IF(L95="",K95,IF(K95="",L95,K95+L95)))
I96: =IF(AND(G96="",H96=""),"",IF(G96="",H96,IF(H96="",G96,H96+G96))) | M96: =IF(AND(K96="",L96=""),"",IF(L96="",K96,IF(K96="",L96,K96+L96)))
B97: =IF(A97="","",IFERROR(VLOOKUP(A97,FLOTA!$A:$M,4,0)&" "&VLOOKUP(A97,FLOTA!$A:$M,3,0),"⚠ Patente no encontrada")) | I97: =IF(AND(G97="",H97=""),"",IF(G97="",H97,IF(H97="",G97,H97+G97))) | M97: =IF(AND(K97="",L97=""),"",IF(L97="",K97,IF(K97="",L97,K97+L97)))
B98: =IF(A98="","",IFERROR(VLOOKUP(A98,FLOTA!$A:$M,4,0)&" "&VLOOKUP(A98,FLOTA!$A:$M,3,0),"⚠ Patente no encontrada")) | I98: =IF(AND(G98="",H98=""),"",IF(G98="",H98,IF(H98="",G98,H98+G98))) | M98: =IF(AND(K98="",L98=""),"",IF(L98="",K98,IF(K98="",L98,K98+L98)))
B99: =IF(A99="","",IFERROR(VLOOKUP(A99,FLOTA!$A:$M,4,0)&" "&VLOOKUP(A99,FLOTA!$A:$M,3,0),"⚠ Patente no encontrada")) | I99: =IF(AND(G99="",H99=""),"",IF(G99="",H99,IF(H99="",G99,H99+G99))) | M99: =IF(AND(K99="",L99=""),"",IF(L99="",K99,IF(K99="",L99,K99+L99)))
B100: =IF(A100="","",IFERROR(VLOOKUP(A100,FLOTA!$A:$M,4,0)&" "&VLOOKUP(A100,FLOTA!$A:$M,3,0),"⚠ Patente no encontrada")) | I100: =IF(AND(G100="",H100=""),"",IF(G100="",H100,IF(H100="",G100,H100+G100))) | M100: =IF(AND(K100="",L100=""),"",IF(L100="",K100,IF(K100="",L100,K100+L100)))
B101: =IF(A101="","",IFERROR(VLOOKUP(A101,FLOTA!$A:$M,4,0)&" "&VLOOKUP(A101,FLOTA!$A:$M,3,0),"⚠ Patente no encontrada")) | I101: =IF(AND(G101="",H101=""),"",IF(G101="",H101,IF(H101="",G101,H101+G101))) | M101: =IF(AND(K101="",L101=""),"",IF(L101="",K101,IF(K101="",L101,K101+L101)))
B102: =IF(A102="","",IFERROR(VLOOKUP(A102,FLOTA!$A:$M,4,0)&" "&VLOOKUP(A102,FLOTA!$A:$M,3,0),"⚠ Patente no encontrada")) | I102: =IF(AND(G102="",H102=""),"",IF(G102="",H102,IF(H102="",G102,H102+G102))) | M102: =IF(AND(K102="",L102=""),"",IF(L102="",K102,IF(K102="",L102,K102+L102)))
B103: =IF(A103="","",IFERROR(VLOOKUP(A103,FLOTA!$A:$M,4,0)&" "&VLOOKUP(A103,FLOTA!$A:$M,3,0),"⚠ Patente no encontrada")) | I103: =IF(AND(G103="",H103=""),"",IF(G103="",H103,IF(H103="",G103,H103+G103))) | M103: =IF(AND(K103="",L103=""),"",IF(L103="",K103,IF(K103="",L103,K103+L103)))
B104: =IF(A104="","",IFERROR(VLOOKUP(A104,FLOTA!$A:$M,4,0)&" "&VLOOKUP(A104,FLOTA!$A:$M,3,0),"⚠ Patente no encontrada")) | I104: =IF(AND(G104="",H104=""),"",IF(G104="",H104,IF(H104="",G104,H104+G104))) | M104: =IF(AND(K104="",L104=""),"",IF(L104="",K104,IF(K104="",L104,K104+L104)))
A105: TOTALES GENERALES | G105: =SUMIF(D3:D104,"<>",G3:G104) -> 6433933 | H105: =SUMIF(D3:D104,"<>",H3:H104) -> 3520000 | I105: =SUMIF(D3:D104,"<>",I3:I104) -> 9953933 | K105: =SUMIF(D3:D104,"<>",K3:K104) -> 0 | L105: =SUMIF(D3:D104,"<>",L3:L104) -> 0 | M105: =SUMIF(D3:D104,"<>",M3:M104) -> 0
